/*
SQLyog Ultimate v11.11 (64 bit)
MySQL - 5.5.5-10.4.25-MariaDB : Database - konveksir3new
*********************************************************************
*/

/*!40101 SET NAMES utf8 */;

/*!40101 SET SQL_MODE=''*/;

/*!40014 SET @OLD_UNIQUE_CHECKS=@@UNIQUE_CHECKS, UNIQUE_CHECKS=0 */;
/*!40014 SET @OLD_FOREIGN_KEY_CHECKS=@@FOREIGN_KEY_CHECKS, FOREIGN_KEY_CHECKS=0 */;
/*!40101 SET @OLD_SQL_MODE=@@SQL_MODE, SQL_MODE='NO_AUTO_VALUE_ON_ZERO' */;
/*!40111 SET @OLD_SQL_NOTES=@@SQL_NOTES, SQL_NOTES=0 */;
CREATE DATABASE /*!32312 IF NOT EXISTS*/`konveksir3new` /*!40100 DEFAULT CHARACTER SET utf8mb4 */;

USE `konveksir3new`;

/*Table structure for table `activity_employe` */

DROP TABLE IF EXISTS `activity_employe`;

CREATE TABLE `activity_employe` (
  `Id` int(5) NOT NULL AUTO_INCREMENT,
  `id_session` varchar(100) DEFAULT NULL,
  `Username` varchar(100) DEFAULT NULL,
  `Activity` varchar(100) DEFAULT NULL,
  `Device` varchar(100) DEFAULT NULL,
  `Description` text DEFAULT NULL,
  `Status` int(1) DEFAULT NULL,
  `CreatedDate` datetime DEFAULT NULL,
  PRIMARY KEY (`Id`)
) ENGINE=InnoDB AUTO_INCREMENT=1179 DEFAULT CHARSET=utf8mb4;

/*Data for the table `activity_employe` */

insert  into `activity_employe`(`Id`,`id_session`,`Username`,`Activity`,`Device`,`Description`,`Status`,`CreatedDate`) values (3,NULL,'achmad_yo',NULL,NULL,'Berhasil Melakukan Logout Aplikasi',1,'2024-01-29 09:04:09'),(4,NULL,'achmad_yo',NULL,NULL,'Berhasil Melakukan Login Aplikasi',1,'2024-01-29 22:05:54'),(5,NULL,'achmad_yo',NULL,NULL,'Berhasil Melakukan Logout Aplikasi',1,'2024-01-29 22:06:06'),(6,NULL,'achmad_y0',NULL,NULL,'Username dan Kata Sandi Tidak Sesuai',0,'2024-01-29 22:06:14'),(7,NULL,'achmad_yo',NULL,NULL,'Berhasil Melakukan Login Aplikasi',1,'2024-01-29 22:06:32'),(8,NULL,'achmad_yo',NULL,NULL,'Berhasil Melakukan Login Aplikasi',1,'2024-01-30 20:36:29'),(9,NULL,'achmad_yo',NULL,NULL,'Username dan Kata Sandi Tidak Sesuai',0,'2024-01-30 22:07:30'),(10,NULL,'achmad_yo',NULL,NULL,'Berhasil Melakukan Login Aplikasi',1,'2024-01-30 22:07:42'),(11,NULL,'achmad_yo',NULL,NULL,'Berhasil Melakukan Logout Aplikasi',1,'2024-01-30 22:41:36'),(12,NULL,'achmad_yo',NULL,NULL,'Berhasil Melakukan Login Aplikasi',1,'2024-01-30 22:42:55'),(13,NULL,'achmad_yo',NULL,NULL,'Berhasil Melakukan Login Aplikasi',1,'2024-01-30 22:43:59'),(14,NULL,'achmad_yo',NULL,NULL,'Berhasil Melakukan Logout Aplikasi',1,'2024-01-30 22:46:22'),(15,NULL,'achmad_yo',NULL,NULL,'Berhasil Melakukan Login Aplikasi',1,'2024-01-30 22:46:38'),(16,NULL,'achmad_yo',NULL,NULL,'Berhasil Melakukan Login Aplikasi',1,'2024-02-01 09:37:32'),(17,NULL,'achmad_yo',NULL,NULL,'Berhasil Melakukan Login Aplikasi',1,'2024-02-01 14:00:43'),(18,NULL,'achmad_yo','Logout',NULL,'Berhasil Melakukan Logout Aplikasi',1,'2024-02-01 14:06:43'),(19,NULL,'achmad_yo','Login',NULL,'Berhasil Melakukan Login Aplikasi',1,'2024-02-01 14:07:01'),(20,NULL,'achmad_yo','Login',NULL,'Berhasil Melakukan Login Aplikasi',1,'2024-02-01 14:16:44'),(21,NULL,'achmad_yo','Login',NULL,'Berhasil Melakukan Login Aplikasi',1,'2024-02-01 14:45:03'),(22,NULL,'test','test',NULL,'test',1,'2024-02-01 14:49:48'),(23,NULL,'achmad_yo','Logout',NULL,'Berhasil Melakukan Logout Aplikasi',1,'2024-02-01 14:51:22'),(24,NULL,'achmad_yo','Login','Desktop-Windows','Berhasil Melakukan Login Aplikasi',1,'2024-02-01 16:50:29'),(25,NULL,'achmad_yo','Login','Mobile-Android','Berhasil Melakukan Login Aplikasi',1,'2024-02-01 16:53:33'),(26,NULL,NULL,'Logout','Desktop-Windows','Berhasil Melakukan Logout Aplikasi',1,'2024-02-02 07:44:22'),(27,NULL,'achmad_yo','Login','Desktop-Windows','Berhasil Melakukan Login Aplikasi',1,'2024-02-02 07:44:33'),(28,NULL,'achmad_yo','Login','Desktop-Windows','Berhasil Melakukan Login Aplikasi',1,'2024-02-03 15:33:37'),(29,NULL,'achmad_yo','Login','Mobile-Android','Berhasil Melakukan Login Aplikasi',1,'2024-02-03 15:44:24'),(30,NULL,'achmad_yo','Login','Desktop-Windows','Berhasil Melakukan Login Aplikasi',1,'2024-02-03 19:34:14'),(31,NULL,'achmad_yo','Pelanggan','Desktop-Windows','Gagal Menambahkan Data Pelanggan',0,'2024-02-03 22:51:02'),(32,NULL,'achmad_yo','Pelanggan','Desktop-Windows','Berhasil Menambahkan Data Pelanggan',1,'2024-02-03 22:52:18'),(33,NULL,'achmad_yo','Login','Desktop-Windows','Berhasil Melakukan Login Aplikasi',1,'2024-02-03 23:03:04'),(34,NULL,'achmad_yo','Login','Desktop-Windows','Berhasil Melakukan Login Aplikasi',1,'2024-02-04 15:04:35'),(35,NULL,'achmad_yo','Pelanggan','Desktop-Windows','Berhasil Menambahkan Data Pelanggan',1,'2024-02-04 15:05:04'),(36,NULL,'achmad_y.p','Login','Desktop-Windows','Username dan Kata Sandi Tidak Sesuai',0,'2024-02-04 15:18:12'),(37,NULL,'achmad_yo','Login','Desktop-Windows','Berhasil Melakukan Login Aplikasi',1,'2024-02-04 15:18:23'),(38,NULL,'achmad_yo','Pelanggan','Desktop-Windows','Berhasil Menambahkan Data Pelanggan',1,'2024-02-04 15:27:27'),(39,NULL,'achmad_yo','Pelanggan','Desktop-Windows','Berhasil Mengubah Status Tidak Aktif Pelanggan',1,'2024-02-04 16:16:27'),(40,NULL,'achmad_yo','Pelanggan','Desktop-Windows','Berhasil Mengubah Status Tidak Aktif Pelanggan',1,'2024-02-04 16:18:00'),(41,NULL,'achmad_yo','Pelanggan','Desktop-Windows','Berhasil Mengubah Status Aktif Pelanggan',1,'2024-02-04 16:18:23'),(42,NULL,'achmad_yo','Login','Desktop-Windows','Berhasil Melakukan Login Aplikasi',1,'2024-02-09 16:48:15'),(43,NULL,'achmad_yo','Login','Mobile-Android','Berhasil Melakukan Login Aplikasi',1,'2024-02-09 16:49:52'),(44,NULL,'achmad_yo','Logout','Desktop-Windows','Berhasil Melakukan Logout Aplikasi',1,'2024-02-09 16:53:07'),(45,NULL,'achmad_yo','Logout','Mobile-Android','Berhasil Melakukan Logout Aplikasi',1,'2024-02-09 16:53:17'),(46,NULL,'achmad_yo','Login','Mobile-Android','Berhasil Melakukan Login Aplikasi',1,'2024-02-09 16:53:31'),(47,NULL,'achmad_yo','Login','Desktop-Windows','Berhasil Melakukan Login Aplikasi',1,'2024-02-09 16:55:54'),(48,NULL,'achmad_yo','Logout','Desktop-Windows','Berhasil Melakukan Logout Aplikasi',1,'2024-02-09 16:55:59'),(49,NULL,'achmad_yo','Login','Desktop-Windows','Berhasil Melakukan Login Aplikasi',1,'2024-02-09 16:56:08'),(50,NULL,'achmad_yo','Login','Desktop-Windows','Berhasil Melakukan Login Aplikasi',1,'2024-02-09 16:58:36'),(51,NULL,'achmad_yo','Login','Mobile-Android','Berhasil Melakukan Login Aplikasi',1,'2024-02-09 17:17:41'),(52,NULL,'achmad_yo','Login','Mobile-Android','Berhasil Melakukan Login Aplikasi',1,'2024-02-09 17:17:44'),(53,NULL,'achmad_yo','Login','Desktop-Windows','Berhasil Melakukan Login Aplikasi',1,'2024-02-09 17:20:49'),(54,NULL,'achmad_yo','Pelanggan','Desktop-Windows','Berhasil Mengubah Status Tidak Aktif Pelanggan',1,'2024-02-09 17:48:10'),(55,NULL,'achmad_yo','Pelanggan','Desktop-Windows','Berhasil Mengubah Status Aktif Pelanggan',1,'2024-02-09 17:48:20'),(56,NULL,'achmad_yo','Login','Desktop-Windows','Berhasil Melakukan Login Aplikasi',1,'2024-02-10 07:18:42'),(57,NULL,'achmad_yo','Pelanggan','Desktop-Windows','Berhasil Mengubah Status Tidak Aktif Pelanggan',1,'2024-02-10 09:01:04'),(58,NULL,'achmad_yo','Pelanggan','Desktop-Windows','Berhasil Mengubah Status Aktif Pelanggan',1,'2024-02-10 09:01:25'),(59,NULL,'achmad_yo','Pelanggan','Desktop-Windows','Berhasil Mengubah Status Tidak Aktif Pelanggan',1,'2024-02-10 09:12:00'),(60,NULL,'achmad_yo','Pelanggan','Desktop-Windows','Berhasil Mengubah Status Aktif Pelanggan',1,'2024-02-10 09:12:06'),(61,NULL,'achmad_yo','Login','Desktop-Windows','Berhasil Melakukan Login Aplikasi',1,'2024-02-10 09:18:38'),(62,NULL,'achmad_yo','Pelanggan','Desktop-Windows','Berhasil Memperbarui Data Pelanggan',1,'2024-02-10 09:19:43'),(63,NULL,'achmad_yo','Pelanggan','Desktop-Windows','Berhasil Menambahkan Data Pelanggan',1,'2024-02-10 09:22:00'),(64,NULL,'achmad_yo','Pelanggan','Desktop-Windows','Berhasil Menambahkan Data Pelanggan',1,'2024-02-10 09:24:15'),(65,NULL,'achmad_yo','Pelanggan','Desktop-Windows','Berhasil Memperbarui Data Pelanggan',1,'2024-02-10 09:24:29'),(66,NULL,'achmad_yo','Pelanggan','Desktop-Windows','Berhasil Memperbarui Data Pelanggan',1,'2024-02-10 09:24:44'),(67,NULL,'achmad_yo','Pelanggan','Desktop-Windows','Berhasil Memperbarui Data Pelanggan',1,'2024-02-10 10:05:19'),(68,NULL,'achmad_yo','Pelanggan','Desktop-Windows','Berhasil Memperbarui Data Pelanggan',1,'2024-02-10 10:05:34'),(69,NULL,'achmad_yo','Pelanggan','Desktop-Windows','Berhasil Memperbarui Data Pelanggan',1,'2024-02-10 10:06:33'),(70,NULL,'achmad_yo','Pelanggan','Desktop-Windows','Gagal Memperbarui Data Pelanggan',0,'2024-02-10 10:07:27'),(71,NULL,'achmad_yo','Pelanggan','Desktop-Windows','Gagal Memperbarui Data Pelanggan',0,'2024-02-10 10:08:21'),(72,NULL,'achmad_yo','Pelanggan','Desktop-Windows','Berhasil Memperbarui Data Pelanggan',1,'2024-02-10 10:08:29'),(73,NULL,'achmad_yo','Login','Desktop-Windows','Berhasil Melakukan Login Aplikasi',1,'2024-02-10 17:08:33'),(74,NULL,'achmad_yo','Login','Desktop-Windows','Berhasil Melakukan Login Aplikasi',1,'2024-02-10 17:15:22'),(75,NULL,'achmad_yo','Login','Desktop-Windows','Berhasil Melakukan Login Aplikasi',1,'2024-02-13 10:56:31'),(76,NULL,'achmad_yo','Login','Desktop-Windows','Berhasil Melakukan Login Aplikasi',1,'2024-02-13 14:47:41'),(77,NULL,'achmad_yo','Pelanggan','Desktop-Windows','Berhasil Memperbarui Kata Sandi Pelanggan',1,'2024-02-13 14:52:34'),(78,NULL,'achmad_yo','Login','Desktop-Windows','Berhasil Melakukan Login Aplikasi',1,'2024-02-14 19:52:38'),(79,NULL,'achmad_yo','Logout','Desktop-Windows','Berhasil Melakukan Logout Aplikasi',1,'2024-02-14 20:06:30'),(80,NULL,'achmad_yo','Login','Desktop-Windows','Berhasil Melakukan Login Aplikasi',1,'2024-02-14 20:08:44'),(81,NULL,'achmad_yo','Login','Desktop-Windows','Berhasil Melakukan Login Aplikasi',1,'2024-02-17 07:39:23'),(82,NULL,'achmad_yo','Login','Desktop-Windows','Berhasil Melakukan Login Aplikasi',1,'2024-02-17 13:00:48'),(83,NULL,'achmad_yo','Login','Desktop-Windows','Berhasil Melakukan Login Aplikasi',1,'2024-02-17 13:21:19'),(84,NULL,'achmad_yo','Login','Desktop-Windows','Berhasil Melakukan Login Aplikasi',1,'2024-02-17 13:25:33'),(85,NULL,'achmad_yo','Login','Desktop-Windows','Berhasil Melakukan Login Aplikasi',1,'2024-02-17 13:50:55'),(86,NULL,'achmad_yo','Login','Desktop-Windows','Berhasil Melakukan Login Aplikasi',1,'2024-02-17 22:10:14'),(87,NULL,'achmad_yo','Login','Desktop-Windows','Berhasil Melakukan Login Aplikasi',1,'2024-02-17 22:17:15'),(88,NULL,'achmad_yo','Login','Desktop-Windows','Berhasil Melakukan Login Aplikasi',1,'2024-02-18 09:50:49'),(89,NULL,'achmad_yo','Login','Desktop-Windows','Berhasil Melakukan Login Aplikasi',1,'2024-02-19 07:28:59'),(90,NULL,'achmad_yo','Login','Desktop-Windows','Berhasil Melakukan Login Aplikasi',1,'2024-02-19 23:51:11'),(91,NULL,'achmad_yo','Login','Desktop-Windows','Berhasil Melakukan Login Aplikasi',1,'2024-02-19 23:55:16'),(92,NULL,'achmad_yo','Login','Desktop-Windows','Berhasil Melakukan Login Aplikasi',1,'2024-02-20 21:00:42'),(93,NULL,'achmad_yo','Login','Desktop-Windows','Berhasil Melakukan Login Aplikasi',1,'2024-02-20 21:10:46'),(94,NULL,'achmad_yo','Login','Desktop-Windows','Berhasil Melakukan Login Aplikasi',1,'2024-02-23 08:12:31'),(95,NULL,'achmad_yo','Login','Desktop-Windows','Berhasil Melakukan Login Aplikasi',1,'2024-02-25 13:00:52'),(96,NULL,'achmad_yo','Login','Desktop-Windows','Berhasil Melakukan Login Aplikasi',1,'2024-02-25 13:02:19'),(97,NULL,'achmad_yo','Pelanggan','Desktop-Windows','Gagal Menambahkan Data Pelanggan',0,'2024-02-25 13:31:37'),(98,NULL,'achmad_yo','Pelanggan','Desktop-Windows','Gagal Menambahkan Data Pelanggan',0,'2024-02-25 13:33:37'),(99,NULL,'achmad_yo','Pelanggan','Desktop-Windows','Gagal Menambahkan Data Pelanggan',0,'2024-02-25 13:35:33'),(100,NULL,'achmad_yo','Pelanggan','Desktop-Windows','Gagal Menambahkan Data Pelanggan',0,'2024-02-25 13:35:57'),(101,NULL,'achmad_yo','Pelanggan','Desktop-Windows','Gagal Menambahkan Data Pelanggan',0,'2024-02-25 13:36:17'),(102,NULL,'achmad_yo','Pelanggan','Desktop-Windows','Gagal Menambahkan Data Pelanggan',0,'2024-02-25 13:37:13'),(103,NULL,'achmad_yo','Pelanggan','Desktop-Windows','Gagal Menambahkan Data Pelanggan',0,'2024-02-25 13:37:58'),(104,NULL,'achmad_yo','Pelanggan','Desktop-Windows','Gagal Menambahkan Data Pelanggan',0,'2024-02-25 13:43:16'),(105,NULL,'achmad_yo','Pelanggan','Desktop-Windows','Gagal Menambahkan Data Pelanggan',0,'2024-02-25 13:44:00'),(106,NULL,'achmad_yo','Pelanggan','Desktop-Windows','Berhasil Menambahkan Data Pelanggan',1,'2024-02-25 13:45:31'),(107,NULL,'achmad_yo','Pelanggan','Desktop-Windows','Gagal Menambahkan Data Pelanggan',0,'2024-02-25 13:46:05'),(108,NULL,'achmad_yo','Pelanggan','Desktop-Windows','Berhasil Menambahkan Data Pelanggan',1,'2024-02-25 13:46:57'),(109,NULL,'achmad_yo','Pelanggan','Desktop-Windows','Berhasil Menambahkan Data Pelanggan',1,'2024-02-25 13:47:27'),(110,NULL,'achmad_yo','Pelanggan','Desktop-Windows','Berhasil Mengubah Status Tidak Aktif Pelanggan',1,'2024-02-25 13:47:56'),(111,NULL,'achmad_yo','Pelanggan','Desktop-Windows','Berhasil Mengubah Status Aktif Pelanggan',1,'2024-02-25 13:48:01'),(112,NULL,'achmad_yo','Pelanggan','Desktop-Windows','Berhasil Memperbarui Kata Sandi Pelanggan',1,'2024-02-25 13:48:14'),(113,NULL,'achmad_yo','Pelanggan','Desktop-Windows','Berhasil Memperbarui Data Pelanggan',1,'2024-02-25 13:48:26'),(114,NULL,'achmad_yo','Logout','Desktop-Windows','Berhasil Melakukan Logout Aplikasi',1,'2024-02-25 14:12:40'),(115,NULL,'achmad_yo','Login','Desktop-Windows','Berhasil Melakukan Login Aplikasi',1,'2024-02-25 14:13:03'),(116,NULL,'achmad_yo','Login','Desktop-Windows','Berhasil Melakukan Login Aplikasi',1,'2024-02-25 14:28:27'),(117,NULL,'achmad_yo','Karyawan','Desktop-Windows','Berhasil Menambahkan Data Karyawan',1,'2024-02-25 15:34:57'),(118,NULL,'achmad_yo','Karyawan','Desktop-Windows','Berhasil Menambahkan Data Karyawan',1,'2024-02-25 15:47:25'),(119,NULL,'achmad_yo','Login','Desktop-Windows','Berhasil Melakukan Login Aplikasi',1,'2024-02-29 08:55:26'),(120,NULL,'achmad_yo','Login','Desktop-Windows','Berhasil Melakukan Login Aplikasi',1,'2024-02-29 09:00:18'),(121,NULL,'achmad_yo','Logout','Desktop-Windows','Berhasil Melakukan Logout Aplikasi',1,'2024-02-29 09:03:53'),(122,NULL,'achmad_yo','Login','Desktop-Windows','Berhasil Melakukan Login Aplikasi',1,'2024-02-29 09:07:30'),(123,NULL,'achmad_yo','Login','Desktop-Windows','Berhasil Melakukan Login Aplikasi',1,'2024-02-29 09:14:45'),(124,NULL,'achmad_yo','Logout','Desktop-Windows','Berhasil Melakukan Logout Aplikasi',1,'2024-02-29 09:15:06'),(125,NULL,'achmad_yo','Login','Desktop-Windows','Berhasil Melakukan Login Aplikasi',1,'2024-02-29 09:17:18'),(126,NULL,'achmad_yo','Logout','Desktop-Windows','Berhasil Melakukan Logout Aplikasi',1,'2024-02-29 09:28:30'),(127,NULL,'achmad_yo','Login','Desktop-Windows','Berhasil Melakukan Login Aplikasi',1,'2024-02-29 09:32:09'),(128,NULL,'achmad_yo','Logout','Desktop-Windows','Berhasil Melakukan Logout Aplikasi',1,'2024-02-29 09:35:45'),(129,NULL,'achmad_yo','Login','Desktop-Windows','Berhasil Melakukan Login Aplikasi',1,'2024-02-29 10:08:18'),(130,NULL,'achmad_yo','Logout','Desktop-Windows','Berhasil Melakukan Logout Aplikasi',1,'2024-02-29 10:08:25'),(131,NULL,'achmad_yo','Login','Desktop-Windows','Username dan Kata Sandi Tidak Sesuai',0,'2024-02-29 10:08:46'),(132,NULL,'achmad_yo','Login','Desktop-Windows','Berhasil Melakukan Login Aplikasi',1,'2024-02-29 10:09:47'),(133,NULL,'achmad_yo','Login','Desktop-Windows','Berhasil Melakukan Login Aplikasi',1,'2024-02-29 16:14:05'),(134,NULL,'achmad_yo','Login','Desktop-Windows','Berhasil Melakukan Login Aplikasi',1,'2024-03-01 21:25:01'),(135,NULL,'achmad_yo','Login','Desktop-Windows','Berhasil Melakukan Login Aplikasi',1,'2024-03-02 21:31:48'),(136,NULL,'achmad_yo','Karyawan','Desktop-Windows','Berhasil Menambahkan Data Karyawan',1,'2024-03-02 22:01:23'),(137,NULL,'achmad_yo','Karyawan','Desktop-Windows','Berhasil Menambahkan Data Karyawan',1,'2024-03-02 22:03:01'),(138,NULL,'achmad_yo','Login','Desktop-Windows','Berhasil Melakukan Login Aplikasi',1,'2024-03-02 22:04:48'),(139,NULL,'achmad_yo','Login','Desktop-Windows','Berhasil Melakukan Login Aplikasi',1,'2024-03-02 22:05:57'),(140,NULL,'achmad_yo','Pelanggan','Desktop-Windows','Berhasil Mengubah Status Tidak Aktif Pelanggan',1,'2024-03-03 00:07:48'),(141,NULL,'achmad_yo','Pelanggan','Desktop-Windows','Berhasil Mengubah Status Tidak Aktif Pelanggan',1,'2024-03-03 00:08:01'),(142,NULL,'achmad_yo','Login','Desktop-Windows','Berhasil Melakukan Login Aplikasi',1,'2024-03-03 00:08:50'),(143,NULL,'achmad_yo','Karyawan','Desktop-Windows','Berhasil Mengubah Status Tidak Aktif Karyawan',1,'2024-03-03 00:11:24'),(144,NULL,'achmad_yo','Karyawan','Desktop-Windows','Berhasil Mengubah Status Aktif Karyawan',1,'2024-03-03 00:11:48'),(145,NULL,'achmad_yo','Karyawan','Desktop-Windows','Berhasil Memperbarui Kata Sandi Karyawan',1,'2024-03-03 00:20:18'),(146,NULL,'achmad_yo','Karyawan','Desktop-Windows','Berhasil Menambahkan Data Karyawan',1,'2024-03-03 00:23:25'),(147,NULL,'achmad_yo','Karyawan','Desktop-Windows','Berhasil Mengubah Status Tidak Aktif Karyawan',1,'2024-03-03 00:25:46'),(148,NULL,'achmad_yo','Karyawan','Desktop-Windows','Berhasil Menambahkan Data Karyawan',1,'2024-03-03 00:35:45'),(149,NULL,'achmad_yo','Login','Desktop-Windows','Berhasil Melakukan Login Aplikasi',1,'2024-03-03 11:28:08'),(150,NULL,'achmad_yo','Login','Desktop-Windows','Berhasil Melakukan Login Aplikasi',1,'2024-03-03 11:32:03'),(151,NULL,'achmad_yo','Login','Desktop-Windows','Berhasil Melakukan Login Aplikasi',1,'2024-03-03 12:50:01'),(152,NULL,'achmad_yo','Login','Desktop-Windows','Berhasil Melakukan Login Aplikasi',1,'2024-03-03 13:06:19'),(153,NULL,'achmad_yo','Karyawan','Desktop-Windows','Berhasil Memperbarui Data Karyawan',1,'2024-03-03 13:10:56'),(154,NULL,'achmad_yo','Karyawan','Desktop-Windows','Berhasil Memperbarui Data Karyawan',1,'2024-03-03 13:40:08'),(155,NULL,'achmad_yo','Login','Desktop-Windows','Berhasil Melakukan Login Aplikasi',1,'2024-03-09 20:57:41'),(156,NULL,'achmad_yo','Karyawan','Desktop-Windows','Berhasil Memperbarui Data Karyawan',1,'2024-03-09 21:43:14'),(157,NULL,'achmad_yo','Karyawan','Desktop-Windows','Berhasil Memperbarui Data Karyawan',1,'2024-03-09 21:45:33'),(158,NULL,'achmad_yo','Karyawan','Desktop-Windows','Berhasil Memperbarui Data Karyawan',1,'2024-03-09 21:46:12'),(159,NULL,'achmad_yo','Karyawan','Desktop-Windows','Berhasil Memperbarui Data Karyawan',1,'2024-03-09 21:48:23'),(160,NULL,'achmad_yo','Karyawan','Desktop-Windows','Berhasil Memperbarui Data Karyawan',1,'2024-03-09 21:50:06'),(161,NULL,'achmad_yo','Karyawan','Desktop-Windows','Berhasil Memperbarui Data Karyawan',1,'2024-03-09 21:50:55'),(162,NULL,'achmad_yo','Login','Desktop-Windows','Berhasil Melakukan Login Aplikasi',1,'2024-03-11 11:12:13'),(163,NULL,'achmad_yo','Karyawan','Desktop-Windows','Berhasil Mengubah Status Aktif Karyawan',1,'2024-03-11 11:25:40'),(164,NULL,'achmad_yo','Karyawan','Desktop-Windows','Berhasil Memperbarui Kata Sandi Karyawan',1,'2024-03-11 11:25:55'),(165,NULL,'achmad_yo','Login','Desktop-Windows','Berhasil Melakukan Login Aplikasi',1,'2024-03-11 11:30:38'),(166,NULL,'achmad_yo','Login','Desktop-Windows','Berhasil Melakukan Login Aplikasi',1,'2024-03-12 09:00:44'),(167,NULL,'achmad_yo','Login','Desktop-Windows','Berhasil Melakukan Login Aplikasi',1,'2024-03-12 09:01:49'),(168,NULL,'achmad_yo','Login','Desktop-Windows','Berhasil Melakukan Login Aplikasi',1,'2024-03-12 12:47:44'),(169,NULL,'achmad_yo','Karyawan','Desktop-Windows','Berhasil Memperbarui Kata Sandi Karyawan',1,'2024-03-12 13:49:27'),(170,NULL,'achmad_yo','Karyawan','Desktop-Windows','Berhasil Memperbarui Data Karyawan',1,'2024-03-12 13:50:15'),(171,NULL,'achmad_yo','Login','Desktop-Windows','Berhasil Melakukan Login Aplikasi',1,'2024-03-13 21:06:35'),(172,NULL,'achmad_yo','Login','Desktop-Windows','Username dan Kata Sandi Tidak Sesuai',0,'2024-03-13 21:14:57'),(173,NULL,'achmad_yo','Login','Desktop-Windows','Berhasil Melakukan Login Aplikasi',1,'2024-03-13 21:15:07'),(174,NULL,'achmad_yo','Produk','Desktop-Windows','Berhasil Menambahkan Data Jenis Produk',1,'2024-03-13 22:43:46'),(175,NULL,'achmad_yo','Produk','Desktop-Windows','Berhasil Mengubah Status Tidak Aktif Jenis Produk',1,'2024-03-13 22:52:40'),(176,NULL,'achmad_yo','Produk','Desktop-Windows','Berhasil Mengubah Status Aktif Jenis Produk',1,'2024-03-13 22:52:45'),(177,NULL,'achmad_yo','Login','Desktop-Windows','Berhasil Melakukan Login Aplikasi',1,'2024-03-14 02:38:43'),(178,NULL,'achmad_yo','Login','Desktop-Windows','Berhasil Melakukan Login Aplikasi',1,'2024-03-16 21:20:59'),(179,NULL,'achmad_yo','Login','Desktop-Windows','Berhasil Melakukan Login Aplikasi',1,'2024-03-16 21:30:48'),(180,NULL,'achmad_yo','Login','Desktop-Windows','Berhasil Melakukan Login Aplikasi',1,'2024-03-16 21:52:06'),(181,NULL,'achmad_yo','Produk','Desktop-Windows','Berhasil Menambahkan Data Jenis Produk',1,'2024-03-16 21:52:21'),(182,NULL,'achmad_yo','Produk','Desktop-Windows','Berhasil Mengubah Data Jenis Produk',1,'2024-03-16 22:00:12'),(183,NULL,'achmad_yo','Produk','Desktop-Windows','Berhasil Menambahkan Data Bahan Produk',1,'2024-03-16 22:16:12'),(184,NULL,'achmad_yo','Produk','Desktop-Windows','Berhasil Mengubah Data Bahan Produk',1,'2024-03-16 22:16:22'),(185,NULL,'achmad_yo','Produk','Desktop-Windows','Berhasil Mengubah Status Tidak Aktif Bahan Produk',1,'2024-03-16 22:16:27'),(186,NULL,'achmad_yo','Produk','Desktop-Windows','Berhasil Mengubah Status Aktif Bahan Produk',1,'2024-03-16 22:16:32'),(187,NULL,'achmad_yo','Login','Desktop-Windows','Berhasil Melakukan Login Aplikasi',1,'2024-03-17 00:53:26'),(188,NULL,'achmad_yo','Login','Desktop-Windows','Berhasil Melakukan Login Aplikasi',1,'2024-03-18 21:52:48'),(189,NULL,'achmad_yo','Login','Desktop-Windows','Berhasil Melakukan Login Aplikasi',1,'2024-03-19 00:53:56'),(190,NULL,'achmad_yo','Login','Desktop-Windows','Username dan Kata Sandi Tidak Sesuai',0,'2024-03-23 21:35:37'),(191,NULL,'achmad_yo','Login','Desktop-Windows','Username dan Kata Sandi Tidak Sesuai',0,'2024-03-23 21:35:46'),(192,NULL,'achmad_yo','Login','Desktop-Windows','Berhasil Melakukan Login Aplikasi',1,'2024-03-23 21:35:56'),(193,NULL,'achmad_yo','Login','Desktop-Windows','Berhasil Melakukan Login Aplikasi',1,'2024-03-23 22:37:26'),(194,NULL,'achmad_yo','Login','Desktop-Windows','Berhasil Melakukan Login Aplikasi',1,'2024-03-23 22:38:57'),(195,NULL,'achmad_yo','Login','Desktop-Windows','Berhasil Melakukan Login Aplikasi',1,'2024-03-25 02:16:16'),(196,NULL,'achmad_yo','Produk','Desktop-Windows','Berhasil Menambahkan Data Produk',1,'2024-03-25 03:15:31'),(197,NULL,'achmad_yo','Produk','Desktop-Windows','Berhasil Menambahkan Data Produk',1,'2024-03-25 03:18:13'),(198,NULL,'achmad_yo','Login','Desktop-Windows','Berhasil Melakukan Login Aplikasi',1,'2024-03-25 12:12:36'),(199,NULL,'achmad_yo','Login','Desktop-Windows','Berhasil Melakukan Login Aplikasi',1,'2024-03-26 01:52:43'),(200,NULL,'achmad_yo','Login','Desktop-Windows','Berhasil Melakukan Login Aplikasi',1,'2024-03-26 14:19:01'),(201,NULL,'achmad_yo','Login','Desktop-Windows','Berhasil Melakukan Login Aplikasi',1,'2024-03-27 14:20:04'),(202,NULL,'achmad_yo','Produk','Desktop-Windows','Berhasil Mengubah Status Tidak Aktif Produk',1,'2024-03-27 15:08:55'),(203,NULL,'achmad_yo','Produk','Desktop-Windows','Berhasil Mengubah Status Aktif Produk',1,'2024-03-27 15:08:59'),(204,NULL,'achmad_yo','Login','Desktop-Windows','Berhasil Melakukan Login Aplikasi',1,'2024-03-27 19:05:56'),(205,NULL,'achmad_yo','Login','Desktop-Windows','Berhasil Melakukan Login Aplikasi',1,'2024-03-28 00:23:45'),(206,NULL,'achmad_yo','Login','Desktop-Windows','Berhasil Melakukan Login Aplikasi',1,'2024-03-28 00:37:04'),(207,NULL,'achmad_yo','Login','Desktop-Windows','Berhasil Melakukan Login Aplikasi',1,'2024-03-28 02:40:45'),(208,NULL,'achmad_yo','Login','Desktop-Windows','Berhasil Melakukan Login Aplikasi',1,'2024-03-28 23:01:32'),(209,NULL,'achmad_yo','Produk','Desktop-Windows','Berhasil Menambahkan Data Custom Harga Produk',1,'2024-03-28 23:49:21'),(210,NULL,'achmad_yo','Login','Desktop-Windows','Berhasil Melakukan Login Aplikasi',1,'2024-03-29 00:55:33'),(211,NULL,'achmad_yo','Produk','Desktop-Windows','Berhasil Mengubah Status Tidak Aktif Harga Custom Produk',1,'2024-03-29 00:59:23'),(212,NULL,'achmad_yo','Produk','Desktop-Windows','Berhasil Mengubah Status Aktif Harga Custom Produk',1,'2024-03-29 00:59:27'),(213,NULL,'achmad_yo','Produk','Desktop-Windows','Berhasil Memperbarui Data Custom Harga Produk',1,'2024-03-29 01:18:12'),(214,NULL,'achmad_yo','Produk','Desktop-Windows','Berhasil Memperbarui Data Custom Harga Produk',1,'2024-03-29 01:18:22'),(215,NULL,'achmad_yo','Produk','Desktop-Windows','Berhasil Memperbarui Data Custom Harga Produk',1,'2024-03-29 01:29:10'),(216,NULL,'achmad_yo','Login','Desktop-Windows','Berhasil Melakukan Login Aplikasi',1,'2024-03-29 02:13:44'),(217,NULL,'achmad_yo','Login','Desktop-Windows','Berhasil Melakukan Login Aplikasi',1,'2024-03-29 03:12:52'),(218,NULL,'achmad_yo','Login','Desktop-Windows','Berhasil Melakukan Login Aplikasi',1,'2024-03-29 04:06:38'),(219,NULL,'achmad_yo','Produk','Desktop-Windows','Berhasil Menambahkan Data Member Custom Harga Produk',1,'2024-03-29 04:14:53'),(220,NULL,'achmad_yo','Produk','Desktop-Windows','Berhasil Menghapus Data Member Custom Harga Produk',1,'2024-03-29 04:17:53'),(221,NULL,'achmad_yo','Produk','Desktop-Windows','Berhasil Menambahkan Data Member Custom Harga Produk',1,'2024-03-29 04:17:59'),(222,NULL,'achmad_yo','Produk','Desktop-Windows','Berhasil Menghapus Data Member Custom Harga Produk',1,'2024-03-29 04:19:25'),(223,NULL,'achmad_yo','Produk','Desktop-Windows','Berhasil Menambahkan Data Member Custom Harga Produk',1,'2024-03-29 04:19:32'),(224,NULL,'achmad_yo','Produk','Desktop-Windows','Berhasil Menambahkan Data Custom Harga Produk',1,'2024-03-29 04:20:12'),(225,NULL,'achmad_yo','Login','Desktop-Windows','Berhasil Melakukan Login Aplikasi',1,'2024-03-29 21:11:45'),(226,NULL,'achmad_yo','Produk','Desktop-Windows','Berhasil Menghapus Data Member Custom Harga Produk',1,'2024-03-29 21:53:23'),(227,NULL,'achmad_yo','Produk','Desktop-Windows','Berhasil Menambahkan Data Member Custom Harga Produk',1,'2024-03-29 21:59:26'),(228,NULL,'achmad_yo','Produk','Desktop-Windows','Berhasil Menghapus Data Member Custom Harga Produk',1,'2024-03-29 22:02:14'),(229,NULL,'achmad_yo','Produk','Desktop-Windows','Berhasil Menambahkan Data Member Custom Harga Produk',1,'2024-03-29 22:02:22'),(230,NULL,'achmad_yo','Login','Desktop-Windows','Berhasil Melakukan Login Aplikasi',1,'2024-03-29 22:04:56'),(231,NULL,'achmad_yo','Produk','Desktop-Windows','Berhasil Menambahkan Data Custom Harga Produk',1,'2024-03-29 22:05:26'),(232,NULL,'achmad_yo','Produk','Desktop-Windows','Berhasil Menambahkan Data Member Custom Harga Produk',1,'2024-03-29 22:05:34'),(233,NULL,'achmad_yo','Login','Desktop-Windows','Berhasil Melakukan Login Aplikasi',1,'2024-03-29 22:08:08'),(234,NULL,'achmad_yo','Login','Desktop-Windows','Berhasil Melakukan Login Aplikasi',1,'2024-03-29 23:57:06'),(235,NULL,'achmad_yo','Login','Desktop-Windows','Berhasil Melakukan Login Aplikasi',1,'2024-03-30 22:52:52'),(236,NULL,'achmad_yo','Produk','Desktop-Windows','Berhasil Memperbarui Data Produk',1,'2024-03-30 23:36:16'),(237,NULL,'achmad_yo','Produk','Desktop-Windows','Berhasil Memperbarui Data Produk',1,'2024-03-30 23:36:55'),(238,NULL,'achmad_yo','Produk','Desktop-Windows','Berhasil Memperbarui Data Produk',1,'2024-03-30 23:41:39'),(239,NULL,'achmad_yo','Produk','Desktop-Windows','Berhasil Memperbarui Data Produk',1,'2024-03-30 23:42:11'),(240,NULL,'achmad_yo','Produk','Desktop-Windows','Berhasil Memperbarui Data Produk',1,'2024-03-30 23:46:46'),(241,NULL,'achmad_yo','Produk','Desktop-Windows','Berhasil Memperbarui Data Produk',1,'2024-03-30 23:46:55'),(242,NULL,'achmad_yo','Produk','Desktop-Windows','Berhasil Memperbarui Data Produk',1,'2024-03-30 23:47:04'),(243,NULL,'achmad_yo','Login','Desktop-Windows','Berhasil Melakukan Login Aplikasi',1,'2024-04-01 01:29:34'),(244,NULL,'achmad_yo','Login','Desktop-Windows','Berhasil Melakukan Login Aplikasi',1,'2024-04-01 01:34:17'),(245,NULL,'achmad_yo','Login','Desktop-Windows','Berhasil Melakukan Login Aplikasi',1,'2024-04-01 01:40:58'),(246,NULL,'achmad_yo','Login','Desktop-Windows','Berhasil Melakukan Login Aplikasi',1,'2024-04-01 01:43:33'),(247,NULL,'achmad_yo','Login','Desktop-Windows','Berhasil Melakukan Login Aplikasi',1,'2024-04-01 02:19:16'),(248,NULL,'achmad_yo','Login','Desktop-Windows','Berhasil Melakukan Login Aplikasi',1,'2024-04-01 10:13:21'),(249,NULL,'achmad_yo','Login','Desktop-Windows','Berhasil Melakukan Login Aplikasi',1,'2024-04-03 08:10:18'),(250,NULL,'achmad_yo','Login','Desktop-Windows','Berhasil Melakukan Login Aplikasi',1,'2024-04-03 08:51:26'),(251,NULL,'achmad_yo','Produk','Desktop-Windows','Berhasil Memperbarui Data Produk',1,'2024-04-03 08:51:47'),(252,NULL,'achmad_yo','Login','Desktop-Windows','Berhasil Melakukan Login Aplikasi',1,'2024-04-03 09:33:14'),(253,NULL,'achmad_yo','Login','Desktop-Windows','Berhasil Melakukan Login Aplikasi',1,'2024-04-03 20:44:27'),(254,NULL,'achmad_yo','Login','Desktop-Windows','Berhasil Melakukan Login Aplikasi',1,'2024-04-03 22:27:50'),(255,NULL,'achmad_yo','Produk','Desktop-Windows','Berhasil Menambahkan Stok Produk',1,'2024-04-03 23:48:28'),(256,NULL,'achmad_yo','Produk','Desktop-Windows','Berhasil Menambahkan Stok Produk',1,'2024-04-03 23:49:07'),(257,NULL,'achmad_yo','Produk','Desktop-Windows','Berhasil Menambahkan Stok Produk',1,'2024-04-03 23:49:49'),(258,NULL,'achmad_yo','Login','Desktop-Windows','Berhasil Melakukan Login Aplikasi',1,'2024-04-03 23:51:17'),(259,NULL,'achmad_yo','Produk','Desktop-Windows','Berhasil Menambahkan Stok Produk',1,'2024-04-03 23:51:48'),(260,NULL,'achmad_yo','Produk','Desktop-Windows','Berhasil Menambahkan Stok Produk',1,'2024-04-03 23:53:19'),(261,NULL,'achmad_yo','Produk','Desktop-Windows','Berhasil Menambahkan Stok Produk',1,'2024-04-03 23:54:20'),(262,NULL,'achmad_yo','Produk','Desktop-Windows','Berhasil Menambahkan Stok Produk',1,'2024-04-03 23:59:00'),(263,NULL,'achmad_yo','Produk','Desktop-Windows','Berhasil Menambahkan Stok Produk',1,'2024-04-04 00:01:31'),(264,NULL,'achmad_yo','Produk','Desktop-Windows','Berhasil Menambahkan Stok Produk',1,'2024-04-04 00:03:34'),(265,NULL,'achmad_yo','Produk','Desktop-Windows','Berhasil Menambahkan Stok Produk',1,'2024-04-04 00:03:56'),(266,NULL,'achmad_yo','Produk','Desktop-Windows','Berhasil Menambahkan Stok Produk',1,'2024-04-04 00:04:24'),(267,NULL,'achmad_yo','Produk','Desktop-Windows','Berhasil Menambahkan Stok Produk',1,'2024-04-04 00:05:15'),(268,NULL,'achmad_yo','Produk','Desktop-Windows','Berhasil Menambahkan Stok Produk',1,'2024-04-04 00:07:27'),(269,NULL,'achmad_yo','Produk','Desktop-Windows','Berhasil Menambahkan Stok Produk',1,'2024-04-04 00:07:38'),(270,NULL,'achmad_yo','Produk','Desktop-Windows','Berhasil Menambahkan Stok Produk',1,'2024-04-04 00:07:49'),(271,NULL,'achmad_yo','Produk','Desktop-Windows','Berhasil Menambahkan Stok Produk',1,'2024-04-04 00:09:40'),(272,NULL,'achmad_yo','Login','Desktop-Windows','Berhasil Melakukan Login Aplikasi',1,'2024-04-04 00:13:31'),(273,NULL,'achmad_yo','Produk','Desktop-Windows','Berhasil Menambahkan Stok Produk',1,'2024-04-04 00:14:11'),(274,NULL,'achmad_yo','Produk','Desktop-Windows','Berhasil Menambahkan Stok Produk',1,'2024-04-04 00:14:58'),(275,NULL,'achmad_yo','Produk','Desktop-Windows','Berhasil Menambahkan Stok Produk',1,'2024-04-04 00:15:35'),(276,NULL,'achmad_yo','Login','Desktop-Windows','Berhasil Melakukan Login Aplikasi',1,'2024-04-04 02:01:27'),(277,NULL,'achmad_yo','Produk','Desktop-Windows','Berhasil Memperbarui Data Produk',1,'2024-04-04 02:08:07'),(278,NULL,'achmad_yo','Produk','Desktop-Windows','Berhasil Memperbarui Data Produk',1,'2024-04-04 02:10:27'),(279,NULL,'achmad_yo','Login','Desktop-Windows','Berhasil Melakukan Login Aplikasi',1,'2024-04-04 02:13:25'),(280,NULL,'achmad_yo','Produk','Desktop-Windows','Berhasil Menambahkan Stok Produk',1,'2024-04-04 02:19:21'),(281,NULL,'achmad_yo','Login','Desktop-Windows','Berhasil Melakukan Login Aplikasi',1,'2024-04-05 01:55:48'),(282,NULL,'achmad_yo','Login','Desktop-Windows','Username dan Kata Sandi Tidak Sesuai',0,'2024-04-05 07:08:48'),(283,NULL,'achmad_yo','Login','Desktop-Windows','Berhasil Melakukan Login Aplikasi',1,'2024-04-05 07:08:56'),(284,NULL,'achmad_yo','Login','Desktop-Windows','Berhasil Melakukan Login Aplikasi',1,'2024-04-05 07:19:26'),(285,NULL,'achmad_yo','Produk','Desktop-Windows','Berhasil Mengubah Status Tidak Aktif Produk',1,'2024-04-05 07:19:42'),(286,NULL,'achmad_yo','Produk','Desktop-Windows','Berhasil Mengubah Status Aktif Produk',1,'2024-04-05 07:19:46'),(287,NULL,'achmad_yo','Login','Desktop-Windows','Berhasil Melakukan Login Aplikasi',1,'2024-04-05 23:42:41'),(288,NULL,'achmad_yo','Login','Desktop-Windows','Berhasil Melakukan Login Aplikasi',1,'2024-04-06 01:07:47'),(289,NULL,'achmad_yo','Login','Desktop-Windows','Berhasil Melakukan Login Aplikasi',1,'2024-04-06 01:09:02'),(290,NULL,'achmad_yo','Login','Desktop-Windows','Berhasil Melakukan Login Aplikasi',1,'2024-04-08 15:28:52'),(291,NULL,'achmad_yo','Login','Desktop-Windows','Berhasil Melakukan Login Aplikasi',1,'2024-04-09 10:51:13'),(292,NULL,'achmad_yo','Login','Desktop-Windows','Berhasil Melakukan Login Aplikasi',1,'2024-04-11 07:44:24'),(293,NULL,'achmad_yo','Login','Desktop-Windows','Berhasil Melakukan Login Aplikasi',1,'2024-04-19 08:48:21'),(294,NULL,'achmad_yo','Login','Desktop-Windows','Berhasil Melakukan Login Aplikasi',1,'2024-04-19 08:52:33'),(295,NULL,'achmad_yo','Login','Desktop-Windows','Berhasil Melakukan Login Aplikasi',1,'2024-04-20 20:56:48'),(296,NULL,'achmad_yo','Karyawan','Desktop-Windows','Berhasil Memperbarui Data Karyawan',1,'2024-04-20 20:58:37'),(297,NULL,'achmad_yo','Logout','Desktop-Windows','Berhasil Melakukan Logout Aplikasi',1,'2024-04-20 21:02:48'),(298,NULL,'achmad_yo','Login','Desktop-Windows','Berhasil Melakukan Login Aplikasi',1,'2024-04-20 21:02:56'),(299,NULL,'achmad_yo','Login','Desktop-Windows','Berhasil Melakukan Login Aplikasi',1,'2024-04-20 21:13:45'),(300,NULL,'achmad_yo','Logout','Desktop-Windows','Berhasil Melakukan Logout Aplikasi',1,'2024-04-20 21:15:56'),(301,NULL,'achmad_yo','Login','Desktop-Windows','Berhasil Melakukan Login Aplikasi',1,'2024-04-20 21:18:08'),(302,NULL,'achmad_yo','Employe','Desktop-Windows','Berhasil Memperbarui Data Profil',1,'2024-04-20 22:41:11'),(303,NULL,'achmad_yo','Employe','Desktop-Windows','Berhasil Memperbarui Data Profil',1,'2024-04-20 22:41:28'),(304,NULL,'achmad_yo','Employe','Desktop-Windows','Berhasil Memperbarui Data Profil',1,'2024-04-20 22:42:00'),(305,NULL,'achmad_yo','Employee','Desktop-Windows','Berhasil Memperbarui Kata Sandi Profil',1,'2024-04-21 00:56:59'),(306,NULL,'achmad_yo','Login','Desktop-Windows','Username dan Kata Sandi Tidak Sesuai',0,'2024-04-21 13:02:57'),(307,NULL,'achmad_yo','Login','Desktop-Windows','Berhasil Melakukan Login Aplikasi',1,'2024-04-21 13:03:07'),(308,NULL,'achmad_yo','Logout','Desktop-Windows','Berhasil Melakukan Logout Aplikasi',1,'2024-04-21 13:04:13'),(309,NULL,'mustakim','Login','Desktop-Windows','Berhasil Melakukan Login Aplikasi',1,'2024-04-21 13:04:44'),(310,NULL,'mustakim','Logout','Desktop-Windows','Berhasil Melakukan Logout Aplikasi',1,'2024-04-21 13:53:04'),(311,NULL,'achmad_yo','Login','Desktop-Windows','Berhasil Melakukan Login Aplikasi',1,'2024-04-21 13:53:12'),(312,NULL,'achmad_yo','Login','Desktop-Windows','Berhasil Melakukan Login Aplikasi',1,'2024-04-21 13:55:16'),(313,NULL,'achmad_yo','Logout','Desktop-Windows','Berhasil Melakukan Logout Aplikasi',1,'2024-04-21 14:00:55'),(314,NULL,'t_aku','Login','Desktop-Windows','Berhasil Melakukan Login Aplikasi',1,'2024-04-21 14:32:34'),(315,NULL,'aku_t','Login','Desktop-Windows','Username dan Kata Sandi Tidak Sesuai',0,'2024-04-22 13:05:25'),(316,NULL,'t_aku','Login','Desktop-Windows','Berhasil Melakukan Login Aplikasi',1,'2024-04-22 13:05:47'),(317,NULL,'achmad_yo','Login','Desktop-Windows','Berhasil Melakukan Login Aplikasi',1,'2024-04-22 20:41:13'),(318,NULL,'achmad_yo','Logout','Desktop-Windows','Berhasil Melakukan Logout Aplikasi',1,'2024-04-22 20:47:40'),(319,NULL,'t_aku','Login','Desktop-Windows','Berhasil Melakukan Login Aplikasi',1,'2024-04-22 20:47:50'),(320,NULL,'t_aku','Login','Desktop-Windows','Berhasil Melakukan Login Aplikasi',1,'2024-04-22 22:40:56'),(321,NULL,'t_aku','Login','Desktop-Windows','Berhasil Melakukan Login Aplikasi',1,'2024-04-24 11:34:47'),(322,NULL,'achmad_yo','Login','Desktop-Windows','Username dan Kata Sandi Tidak Sesuai',0,'2024-04-24 11:38:17'),(323,NULL,'t_aku','Login','Desktop-Windows','Berhasil Melakukan Login Aplikasi',1,'2024-04-24 11:38:25'),(324,NULL,'achmad_yo','Login','Desktop-Windows','Username dan Kata Sandi Tidak Sesuai',0,'2024-04-24 14:05:18'),(325,NULL,'t_aku','Login','Desktop-Windows','Berhasil Melakukan Login Aplikasi',1,'2024-04-24 14:05:24'),(326,NULL,'t_aku','Login','Desktop-Windows','Berhasil Melakukan Login Aplikasi',1,'2024-04-24 16:10:51'),(327,NULL,'t_aku','Login','Desktop-Windows','Berhasil Melakukan Login Aplikasi',1,'2024-04-24 16:21:16'),(328,NULL,'t_aku','Login','Desktop-Windows','Berhasil Melakukan Login Aplikasi',1,'2024-04-24 21:30:26'),(329,NULL,'t_aku','Login','Desktop-Windows','Berhasil Melakukan Login Aplikasi',1,'2024-04-24 22:05:00'),(330,NULL,'t_aku','Login','Desktop-Windows','Berhasil Melakukan Login Aplikasi',1,'2024-04-24 22:08:50'),(331,NULL,'t_aku','Login','Desktop-Windows','Berhasil Melakukan Login Aplikasi',1,'2024-04-25 14:11:51'),(332,NULL,'t_aku','Login','Desktop-Windows','Berhasil Melakukan Login Aplikasi',1,'2024-04-25 14:14:55'),(333,NULL,'achmad_yo','Login','Desktop-Windows','Berhasil Melakukan Login Aplikasi',1,'2024-04-25 14:27:17'),(334,NULL,'t_aku','Login','Desktop-Windows','Berhasil Melakukan Login Aplikasi',1,'2024-04-26 08:48:03'),(335,NULL,'t_aku','Login','Desktop-Windows','Berhasil Melakukan Login Aplikasi',1,'2024-04-26 14:19:23'),(336,NULL,'achmad_yo','Login','Desktop-Windows','Berhasil Melakukan Login Aplikasi',1,'2024-04-26 14:41:04'),(337,NULL,'t_aku','Login','Desktop-Windows','Berhasil Melakukan Login Aplikasi',1,'2024-04-27 14:17:33'),(338,NULL,'achmad_yo','Login','Desktop-Windows','Berhasil Melakukan Login Aplikasi',1,'2024-04-27 14:19:17'),(339,NULL,'t_aku','Login','Desktop-Windows','Berhasil Melakukan Login Aplikasi',1,'2024-04-27 14:26:41'),(340,NULL,'t_aku','Pelanggan','Desktop-Windows','Berhasil Menambahkan Data Pelanggan',1,'2024-04-27 14:49:03'),(341,NULL,'t_aku','Pelanggan','Desktop-Windows','Berhasil Menambahkan Data Pelanggan',1,'2024-04-27 14:49:42'),(342,NULL,'t_aku','Login','Desktop-Windows','Berhasil Melakukan Login Aplikasi',1,'2024-04-27 15:24:32'),(343,NULL,'t_aku','Login','Desktop-Windows','Berhasil Melakukan Login Aplikasi',1,'2024-04-27 20:42:20'),(344,NULL,'t_aku','Login','Desktop-Windows','Berhasil Melakukan Login Aplikasi',1,'2024-04-27 20:44:31'),(345,NULL,'t_aku','Login','Desktop-Windows','Berhasil Melakukan Login Aplikasi',1,'2024-04-28 13:28:23'),(346,NULL,'t_aku','Transaksi','Desktop-Windows','Gagal Menambahkan Data Transaksi ',0,'2024-04-28 14:53:02'),(347,NULL,'t_aku','Transaksi','Desktop-Windows','Berhasil Menambahkan Data Transaksi 5e9cecc2-55bd-acdd-d859-2bedc283aa20',1,'2024-04-28 14:53:56'),(348,NULL,'t_aku','Login','Desktop-Windows','Username dan Kata Sandi Tidak Sesuai',0,'2024-05-05 21:39:10'),(349,NULL,'t_aku','Login','Desktop-Windows','Berhasil Melakukan Login Aplikasi',1,'2024-05-05 21:44:42'),(350,NULL,'t_aku','Login','Desktop-Windows','Berhasil Melakukan Login Aplikasi',1,'2024-05-05 21:51:51'),(351,NULL,'t_aku','Login','Desktop-Windows','Berhasil Melakukan Login Aplikasi',1,'2024-05-06 09:32:22'),(352,NULL,'t_aku','Login','Desktop-Windows','Berhasil Melakukan Login Aplikasi',1,'2024-05-09 14:55:08'),(353,NULL,'t_aku','Login','Desktop-Windows','Berhasil Melakukan Login Aplikasi',1,'2024-05-09 21:01:35'),(354,NULL,'achmad_yo','Login','Desktop-Windows','Berhasil Melakukan Login Aplikasi',1,'2024-05-09 21:29:46'),(355,NULL,'achmad_yo','Produk','Desktop-Windows','Berhasil Menghapus Data Member Custom Harga Produk',1,'2024-05-09 21:30:17'),(356,NULL,'achmad_yo','Produk','Desktop-Windows','Berhasil Menambahkan Data Member Custom Harga Produk',1,'2024-05-09 21:30:59'),(357,NULL,'achmad_yo','Produk','Desktop-Windows','Berhasil Mengubah Status Tidak Aktif Harga Custom Produk',1,'2024-05-09 21:33:02'),(358,NULL,'t_aku','Produk','Desktop-Windows','Berhasil Menghapus Data Member Custom Harga Produk',1,'2024-05-09 22:05:39'),(359,NULL,'achmad_yo','Produk','Desktop-Windows','Berhasil Mengubah Status Aktif Harga Custom Produk',1,'2024-05-09 22:06:02'),(360,NULL,'achmad_yo','Produk','Desktop-Windows','Berhasil Menambahkan Data Member Custom Harga Produk',1,'2024-05-09 22:06:10'),(361,NULL,'t_aku','Produk','Desktop-Windows','Berhasil Menghapus Data Member Custom Harga Produk',1,'2024-05-09 22:08:08'),(362,NULL,'t_aku','Produk','Desktop-Windows','Berhasil Menghapus Data Member Custom Harga Produk',1,'2024-05-09 22:26:22'),(363,NULL,'t_aku','Produk','Desktop-Windows','Berhasil Menambahkan Data Member Custom Harga Produk',1,'2024-05-09 22:40:57'),(364,NULL,'t_aku','Login','Desktop-Windows','Berhasil Melakukan Login Aplikasi',1,'2024-05-10 19:18:17'),(365,NULL,'t_aku','Produk','Desktop-Windows','Berhasil Menghapus Data Member Custom Harga Produk',1,'2024-05-10 20:42:57'),(366,NULL,'t_aku','Produk','Desktop-Windows','Berhasil Menambahkan Data Member Custom Harga Produk',1,'2024-05-10 20:43:07'),(367,NULL,'t_aku','Produk','Desktop-Windows','Berhasil Menghapus Data Member Custom Harga Produk',1,'2024-05-10 20:43:32'),(368,NULL,'t_aku','Produk','Desktop-Windows','Berhasil Menambahkan Data Member Custom Harga Produk',1,'2024-05-10 20:43:41'),(369,NULL,'t_aku','Produk','Desktop-Windows','Berhasil Menambahkan Data Member Custom Harga Produk',1,'2024-05-10 20:46:45'),(370,NULL,'t_aku','Login','Desktop-Windows','Berhasil Melakukan Login Aplikasi',1,'2024-05-10 22:39:05'),(371,NULL,'t_aku','Login','Desktop-Windows','Berhasil Melakukan Login Aplikasi',1,'2024-05-10 23:21:25'),(372,NULL,'t_aku','Login','Desktop-Windows','Berhasil Melakukan Login Aplikasi',1,'2024-05-11 15:27:49'),(373,NULL,'t_aku','Login','Desktop-Windows','Berhasil Melakukan Login Aplikasi',1,'2024-05-11 18:50:00'),(374,NULL,'t_aku','Transaksi','Desktop-Windows','Berhasil Menambahkan Data Produk Transaksi 5e9cecc2-55bd-acdd-d859-2bedc283aa20',1,'2024-05-11 19:04:06'),(375,NULL,'t_aku','Transaksi','Desktop-Windows','Berhasil Menambahkan Data Produk Transaksi 5e9cecc2-55bd-acdd-d859-2bedc283aa20',1,'2024-05-11 19:20:57'),(376,NULL,'t_aku','Login','Desktop-Windows','Berhasil Melakukan Login Aplikasi',1,'2024-05-13 13:24:58'),(377,NULL,'t_aku','Transaksi','Desktop-Windows','Berhasil Menambahkan Data Produk Transaksi 5e9cecc2-55bd-acdd-d859-2bedc283aa20',1,'2024-05-13 14:05:54'),(378,NULL,'t_aku','Login','Desktop-Windows','Berhasil Melakukan Login Aplikasi',1,'2024-05-13 21:02:51'),(379,NULL,'t_aku','Logout','Desktop-Windows','Berhasil Melakukan Logout Aplikasi',1,'2024-05-13 21:28:26'),(380,NULL,'achmad_yo','Login','Desktop-Windows','Berhasil Melakukan Login Aplikasi',1,'2024-05-13 21:28:36'),(381,NULL,'achmad_yo','Logout','Desktop-Windows','Berhasil Melakukan Logout Aplikasi',1,'2024-05-13 21:29:40'),(382,NULL,'t_aku','Login','Desktop-Windows','Berhasil Melakukan Login Aplikasi',1,'2024-05-13 21:29:52'),(383,NULL,'t_aku','Login','Desktop-Windows','Berhasil Melakukan Login Aplikasi',1,'2024-05-18 19:02:04'),(384,NULL,'t_aku','Login','Desktop-Windows','Berhasil Melakukan Login Aplikasi',1,'2024-05-18 19:06:39'),(385,NULL,'t_aku','Produk','Desktop-Windows','Berhasil Menghapus Data Member Custom Harga Produk',1,'2024-05-18 19:27:34'),(386,NULL,'t_aku','Produk','Desktop-Windows','Berhasil Menambahkan Data Member Custom Harga Produk',1,'2024-05-18 19:27:44'),(387,NULL,'t_aku','Produk','Desktop-Windows','Berhasil Menghapus Data Member Custom Harga Produk',1,'2024-05-18 19:30:30'),(388,NULL,'t_aku','Produk','Desktop-Windows','Berhasil Menambahkan Data Member Custom Harga Produk',1,'2024-05-18 19:31:20'),(389,NULL,'t_aku','Produk','Desktop-Windows','Berhasil Menghapus Data Member Custom Harga Produk',1,'2024-05-18 19:32:17'),(390,NULL,'t_aku','Produk','Desktop-Windows','Berhasil Menambahkan Data Member Custom Harga Produk',1,'2024-05-18 19:32:21'),(391,NULL,'t_aku','Produk','Desktop-Windows','Berhasil Menghapus Data Member Custom Harga Produk',1,'2024-05-18 19:52:22'),(392,NULL,'t_aku','Produk','Desktop-Windows','Berhasil Menambahkan Data Member Custom Harga Produk',1,'2024-05-18 19:54:55'),(393,NULL,'t_aku','Produk','Desktop-Windows','Berhasil Menghapus Data Member Custom Harga Produk',1,'2024-05-18 19:55:03'),(394,NULL,'t_aku','Produk','Desktop-Windows','Berhasil Menambahkan Data Member Custom Harga Produk',1,'2024-05-18 19:55:50'),(395,NULL,'t_aku','Produk','Desktop-Windows','Berhasil Menghapus Data Member Custom Harga Produk',1,'2024-05-18 19:56:02'),(396,NULL,'achmad_yo','Login','Desktop-Windows','Berhasil Melakukan Login Aplikasi',1,'2024-05-18 19:56:27'),(397,NULL,'t_aku','Produk','Desktop-Windows','Berhasil Menambahkan Data Member Custom Harga Produk',1,'2024-05-18 19:56:33'),(398,NULL,'achmad_yo','Produk','Desktop-Windows','Berhasil Mengubah Status Tidak Aktif Harga Custom Produk',1,'2024-05-18 19:56:52'),(399,NULL,'t_aku','Produk','Desktop-Windows','Berhasil Menghapus Data Member Custom Harga Produk',1,'2024-05-18 19:57:10'),(400,NULL,'achmad_yo','Produk','Desktop-Windows','Berhasil Mengubah Status Aktif Harga Custom Produk',1,'2024-05-18 19:57:21'),(401,NULL,'t_aku','Produk','Desktop-Windows','Berhasil Menambahkan Data Member Custom Harga Produk',1,'2024-05-18 19:57:29'),(402,NULL,'achmad_yo','Produk','Desktop-Windows','Berhasil Mengubah Status Tidak Aktif Harga Custom Produk',1,'2024-05-18 19:57:44'),(403,NULL,'t_aku','Produk','Desktop-Windows','Berhasil Menghapus Data Member Custom Harga Produk',1,'2024-05-18 19:57:51'),(404,NULL,'t_aku','Produk','Desktop-Windows','Berhasil Menghapus Data Member Custom Harga Produk',1,'2024-05-18 20:02:10'),(405,NULL,'t_aku','Produk','Desktop-Windows','Berhasil Menambahkan Data Member Custom Harga Produk',1,'2024-05-18 20:02:15'),(406,NULL,'t_aku','Transaksi','Desktop-Windows','Berhasil Update Data Produk Transaksi 5e9cecc2-55bd-acdd-d859-2bedc283aa20',1,'2024-05-18 21:04:58'),(407,NULL,'t_aku','Transaksi','Desktop-Windows','Berhasil Update Data Produk Transaksi 5e9cecc2-55bd-acdd-d859-2bedc283aa20',1,'2024-05-18 21:05:17'),(408,NULL,'t_aku','Transaksi','Desktop-Windows','Berhasil Update Data Produk Transaksi 5e9cecc2-55bd-acdd-d859-2bedc283aa20',1,'2024-05-18 21:05:34'),(409,NULL,'achmad_yo','Produk','Desktop-Windows','Berhasil Mengubah Status Aktif Harga Custom Produk',1,'2024-05-18 21:05:48'),(410,NULL,'t_aku','Produk','Desktop-Windows','Berhasil Menambahkan Data Member Custom Harga Produk',1,'2024-05-18 21:05:57'),(411,NULL,'t_aku','Transaksi','Desktop-Windows','Berhasil Update Data Produk Transaksi 5e9cecc2-55bd-acdd-d859-2bedc283aa20',1,'2024-05-18 21:06:07'),(412,NULL,'t_aku','Transaksi','Desktop-Windows','Berhasil Menambahkan Data Produk Transaksi 5e9cecc2-55bd-acdd-d859-2bedc283aa20',1,'2024-05-18 21:06:21'),(413,NULL,'t_aku','Transaksi','Desktop-Windows','Berhasil Update Data Produk Transaksi 5e9cecc2-55bd-acdd-d859-2bedc283aa20',1,'2024-05-18 21:07:55'),(414,NULL,'t_aku','Transaksi','Desktop-Windows','Berhasil Update Data Produk Transaksi 5e9cecc2-55bd-acdd-d859-2bedc283aa20',1,'2024-05-18 21:11:12'),(415,NULL,'t_aku','Transaksi','Desktop-Windows','Berhasil Update Data Produk Transaksi 5e9cecc2-55bd-acdd-d859-2bedc283aa20',1,'2024-05-18 21:11:55'),(416,NULL,'t_aku','Transaksi','Desktop-Windows','Berhasil Update Data Produk Transaksi 5e9cecc2-55bd-acdd-d859-2bedc283aa20',1,'2024-05-18 21:13:04'),(417,NULL,'t_aku','Transaksi','Desktop-Windows','Berhasil Update Data Produk Transaksi 26000-5e9cecc2-55bd-acdd-d859-2bedc283aa20',1,'2024-05-18 21:19:29'),(418,NULL,'t_aku','Transaksi','Desktop-Windows','Berhasil Update Data Produk Transaksi 27000-5e9cecc2-55bd-acdd-d859-2bedc283aa20',1,'2024-05-18 21:22:37'),(419,NULL,'t_aku','Transaksi','Desktop-Windows','Berhasil Update Data Produk Transaksi 28000-5e9cecc2-55bd-acdd-d859-2bedc283aa20',1,'2024-05-18 21:23:44'),(420,NULL,'t_aku','Transaksi','Desktop-Windows','Berhasil Update Data Produk Transaksi 30000-5e9cecc2-55bd-acdd-d859-2bedc283aa20',1,'2024-05-18 21:25:52'),(421,NULL,'t_aku','Transaksi','Desktop-Windows','Berhasil Menambahkan Data Produk Transaksi 5e9cecc2-55bd-acdd-d859-2bedc283aa20',1,'2024-05-18 22:07:10'),(422,NULL,'t_aku','Login','Mobile-Android','Berhasil Melakukan Login Aplikasi',1,'2024-05-19 00:10:07'),(423,NULL,'t_aku','Transaksi','Mobile-Android','Berhasil Menambahkan Data Produk Transaksi 5e9cecc2-55bd-acdd-d859-2bedc283aa20',1,'2024-05-19 00:10:57'),(424,NULL,'t_aku','Employe','Mobile-Android','Berhasil Memperbarui Data Profil',1,'2024-05-19 00:12:41'),(425,NULL,'t_aku','Login','Desktop-Windows','Berhasil Melakukan Login Aplikasi',1,'2024-05-20 10:14:42'),(426,NULL,'t_aku','Produk','Desktop-Windows','Berhasil Menghapus Data Member Custom Harga Produk',1,'2024-05-20 10:45:29'),(427,NULL,'t_aku','Produk','Desktop-Windows','Berhasil Menambahkan Data Member Custom Harga Produk',1,'2024-05-20 10:46:10'),(428,NULL,'t_aku','Login','Desktop-Windows','Berhasil Melakukan Login Aplikasi',1,'2024-05-20 11:35:53'),(429,NULL,'t_aku','Login','Desktop-Windows','Berhasil Melakukan Login Aplikasi',1,'2024-05-20 11:37:21'),(430,NULL,'t_aku','Logout','Desktop-Windows','Berhasil Melakukan Logout Aplikasi',1,'2024-05-20 11:37:26'),(431,NULL,'achmad_yo','Login','Desktop-Windows','Username dan Kata Sandi Tidak Sesuai',0,'2024-05-20 11:37:34'),(432,NULL,'achmad_yo','Login','Desktop-Windows','Berhasil Melakukan Login Aplikasi',1,'2024-05-20 11:37:46'),(433,NULL,'achmad_yo','Produk','Desktop-Windows','Berhasil Mengubah Status Tidak Aktif Harga Custom Produk',1,'2024-05-20 11:38:30'),(434,NULL,'achmad_yo','Produk','Desktop-Windows','Berhasil Mengubah Status Aktif Harga Custom Produk',1,'2024-05-20 11:59:00'),(435,NULL,'t_aku','Login','Desktop-Windows','Berhasil Melakukan Login Aplikasi',1,'2024-05-20 12:24:17'),(436,NULL,'t_aku','Produk','Desktop-Windows','Berhasil Menghapus Data Member Custom Harga Produk',1,'2024-05-20 13:14:36'),(437,NULL,'t_aku','Login','Desktop-Windows','Berhasil Melakukan Login Aplikasi',1,'2024-05-22 14:53:48'),(438,NULL,'t_aku','Login','Desktop-Windows','Berhasil Melakukan Login Aplikasi',1,'2024-05-22 14:54:44'),(439,NULL,'t_aku','Login','Desktop-Windows','Berhasil Melakukan Login Aplikasi',1,'2024-05-22 18:27:54'),(440,NULL,'t_aku','Produk','Desktop-Windows','Berhasil Menambahkan Data Member Custom Harga Produk',1,'2024-05-22 18:28:24'),(441,NULL,'t_aku','Transaksi','Desktop-Windows','Berhasil Menghapus Data Produk Transaksi 5e9cecc2-55bd-acdd-d859-2bedc283aa20',1,'2024-05-22 18:56:29'),(442,NULL,'t_aku','Transaksi','Desktop-Windows','Berhasil Menghapus Data Produk Transaksi 5e9cecc2-55bd-acdd-d859-2bedc283aa20',1,'2024-05-22 18:56:58'),(443,NULL,'t_aku','Transaksi','Desktop-Windows','Berhasil Update Data Produk Transaksi 70000-5e9cecc2-55bd-acdd-d859-2bedc283aa20',1,'2024-05-22 18:59:03'),(444,NULL,'t_aku','Transaksi','Desktop-Windows','Berhasil Update Data Produk Transaksi 70000-5e9cecc2-55bd-acdd-d859-2bedc283aa20',1,'2024-05-22 18:59:39'),(445,NULL,'t_aku','Transaksi','Desktop-Windows','Berhasil Menambahkan Data Produk Transaksi 5e9cecc2-55bd-acdd-d859-2bedc283aa20',1,'2024-05-22 18:59:55'),(446,NULL,'t_aku','Transaksi','Desktop-Windows','Berhasil Menghapus Data Produk Transaksi 5e9cecc2-55bd-acdd-d859-2bedc283aa20',1,'2024-05-22 19:00:18'),(447,NULL,'t_aku','Transaksi','Desktop-Windows','Berhasil Menghapus Data Produk Transaksi 5e9cecc2-55bd-acdd-d859-2bedc283aa20',1,'2024-05-22 19:00:33'),(448,NULL,'t_aku','Transaksi','Desktop-Windows','Berhasil Menambahkan Data Produk Transaksi 5e9cecc2-55bd-acdd-d859-2bedc283aa20',1,'2024-05-22 19:06:18'),(449,NULL,'t_aku','Transaksi','Desktop-Windows','Berhasil Menambahkan Data Produk Transaksi 5e9cecc2-55bd-acdd-d859-2bedc283aa20',1,'2024-05-22 19:07:17'),(450,NULL,'t_aku','Transaksi','Desktop-Windows','Berhasil Update Data Produk Transaksi 60000-5e9cecc2-55bd-acdd-d859-2bedc283aa20',1,'2024-05-22 19:08:08'),(451,NULL,'t_aku','Transaksi','Desktop-Windows','Berhasil Update Data Produk Transaksi 60000-5e9cecc2-55bd-acdd-d859-2bedc283aa20',1,'2024-05-22 19:13:34'),(452,NULL,'t_aku','Transaksi','Desktop-Windows','Berhasil Update Data Produk Transaksi 60000-5e9cecc2-55bd-acdd-d859-2bedc283aa20',1,'2024-05-22 19:13:59'),(453,NULL,'t_aku','Transaksi','Desktop-Windows','Berhasil Update Data Produk Transaksi 60000-5e9cecc2-55bd-acdd-d859-2bedc283aa20',1,'2024-05-22 19:16:00'),(454,NULL,'t_aku','Transaksi','Desktop-Windows','Berhasil Menghapus Data Produk Transaksi 5e9cecc2-55bd-acdd-d859-2bedc283aa20',1,'2024-05-22 19:17:05'),(455,NULL,'t_aku','Login','Desktop-Windows','Berhasil Melakukan Login Aplikasi',1,'2024-05-24 08:54:04'),(456,NULL,'t_aku','Login','Desktop-Windows','Berhasil Melakukan Login Aplikasi',1,'2024-05-29 09:48:44'),(457,NULL,'t_aku','Login','Desktop-Windows','Berhasil Melakukan Login Aplikasi',1,'2024-05-29 21:19:45'),(458,NULL,'t_aku','Login','Desktop-Windows','Berhasil Melakukan Login Aplikasi',1,'2024-05-30 10:24:39'),(459,NULL,'t_aku','Login','Desktop-Windows','Berhasil Melakukan Login Aplikasi',1,'2024-05-30 10:27:08'),(460,NULL,'t_aku','Transaksi','Desktop-Windows','Berhasil Memperbarui Data Produk Transaksi 5e9cecc2-55bd-acdd-d859-2bedc283aa20',1,'2024-05-30 10:30:19'),(461,NULL,'t_aku','Transaksi','Desktop-Windows','Berhasil Memperbarui Data Produk Transaksi 5e9cecc2-55bd-acdd-d859-2bedc283aa20',1,'2024-05-30 10:31:53'),(462,NULL,'t_aku','Transaksi','Desktop-Windows','Berhasil Memperbarui Data Produk Transaksi 5e9cecc2-55bd-acdd-d859-2bedc283aa20',1,'2024-05-30 10:32:56'),(463,NULL,'t_aku','Transaksi','Desktop-Windows','Berhasil Memperbarui Data Produk Transaksi 5e9cecc2-55bd-acdd-d859-2bedc283aa20',1,'2024-05-30 10:33:21'),(464,NULL,'t_aku','Transaksi','Desktop-Windows','Berhasil Memperbarui Data Produk Transaksi 5e9cecc2-55bd-acdd-d859-2bedc283aa20',1,'2024-05-30 10:41:26'),(465,NULL,'t_aku','Transaksi','Desktop-Windows','Berhasil Memperbarui Data Produk Transaksi 5e9cecc2-55bd-acdd-d859-2bedc283aa20',1,'2024-05-30 10:42:15'),(466,NULL,'t_aku','Transaksi','Desktop-Windows','Berhasil Memperbarui Data Produk Transaksi 5e9cecc2-55bd-acdd-d859-2bedc283aa20',1,'2024-05-30 10:44:24'),(467,NULL,'t_aku','Login','Desktop-Windows','Berhasil Melakukan Login Aplikasi',1,'2024-05-31 21:03:35'),(468,NULL,'t_aku','Transaksi','Desktop-Windows','Berhasil Menghapus Data Produk Transaksi 5e9cecc2-55bd-acdd-d859-2bedc283aa20',1,'2024-05-31 21:07:09'),(469,NULL,'t_aku','Transaksi','Desktop-Windows','Berhasil Memperbarui Data Produk Transaksi 5e9cecc2-55bd-acdd-d859-2bedc283aa20',1,'2024-05-31 21:11:17'),(470,NULL,'t_aku','Transaksi','Desktop-Windows','Berhasil Memperbarui Data Produk Transaksi 5e9cecc2-55bd-acdd-d859-2bedc283aa20',1,'2024-05-31 21:12:01'),(471,NULL,'t_aku','Transaksi','Desktop-Windows','Berhasil Membatalkan Transaksi 5e9cecc2-55bd-acdd-d859-2bedc283aa20',1,'2024-05-31 21:28:17'),(472,NULL,'t_aku','Transaksi','Desktop-Windows','Berhasil Menambahkan Data Transaksi ae608477-87e9-14e4-20d5-a0a11fb285ab',1,'2024-05-31 21:29:26'),(473,NULL,'t_aku','Transaksi','Desktop-Windows','Berhasil Membatalkan Transaksi ae608477-87e9-14e4-20d5-a0a11fb285ab',1,'2024-05-31 21:29:59'),(474,NULL,'t_aku','Transaksi','Desktop-Windows','Berhasil Menambahkan Data Transaksi c77556bd-c0f4-8951-a9a6-36aa7dea8bae',1,'2024-05-31 21:31:01'),(475,NULL,'t_aku','Transaksi','Desktop-Windows','Berhasil Membatalkan Transaksi c77556bd-c0f4-8951-a9a6-36aa7dea8bae',1,'2024-05-31 21:35:28'),(476,NULL,'t_aku','Transaksi','Desktop-Windows','Berhasil Membatalkan Transaksi c77556bd-c0f4-8951-a9a6-36aa7dea8bae',1,'2024-05-31 21:36:24'),(477,NULL,'t_aku','Transaksi','Desktop-Windows','Berhasil Menambahkan Data Transaksi e76da48b-3f75-5ce1-798e-a7d4c9e2a852',1,'2024-05-31 21:41:53'),(478,NULL,'t_aku','Transaksi','Desktop-Windows','Berhasil Menambahkan Data Produk Transaksi e76da48b-3f75-5ce1-798e-a7d4c9e2a852',1,'2024-05-31 21:45:50'),(479,NULL,'t_aku','Transaksi','Desktop-Windows','Berhasil Update Data Produk Transaksi 0-e76da48b-3f75-5ce1-798e-a7d4c9e2a852',1,'2024-05-31 21:46:01'),(480,NULL,'t_aku','Transaksi','Desktop-Windows','Berhasil Update Data Produk Transaksi 40000-e76da48b-3f75-5ce1-798e-a7d4c9e2a852',1,'2024-05-31 21:48:45'),(481,NULL,'t_aku','Transaksi','Desktop-Windows','Berhasil Menghapus Data Produk Transaksi e76da48b-3f75-5ce1-798e-a7d4c9e2a852',1,'2024-05-31 21:49:49'),(482,NULL,'t_aku','Transaksi','Desktop-Windows','Berhasil Menambahkan Data Produk Transaksi e76da48b-3f75-5ce1-798e-a7d4c9e2a852',1,'2024-05-31 21:56:13'),(483,NULL,'t_aku','Transaksi','Desktop-Windows','Berhasil Memperbarui Data Produk Transaksi e76da48b-3f75-5ce1-798e-a7d4c9e2a852',1,'2024-05-31 22:08:10'),(484,NULL,'t_aku','Transaksi','Desktop-Windows','Berhasil Memperbarui Data Produk Transaksi e76da48b-3f75-5ce1-798e-a7d4c9e2a852',1,'2024-05-31 22:08:43'),(485,NULL,'t_aku','Login','Desktop-Windows','Berhasil Melakukan Login Aplikasi',1,'2024-06-01 11:26:48'),(486,NULL,'t_aku','Transaksi','Desktop-Windows','Berhasil Menghapus Data Produk Transaksi e76da48b-3f75-5ce1-798e-a7d4c9e2a852',1,'2024-06-01 11:30:45'),(487,NULL,'t_aku','Transaksi','Desktop-Windows','Berhasil Menambahkan Data Produk Transaksi e76da48b-3f75-5ce1-798e-a7d4c9e2a852',1,'2024-06-01 11:32:34'),(488,NULL,'t_aku','Transaksi','Desktop-Windows','Berhasil Membatalkan Transaksi e76da48b-3f75-5ce1-798e-a7d4c9e2a852',1,'2024-06-01 11:45:39'),(489,NULL,'t_aku','Transaksi','Desktop-Windows','Berhasil Menambahkan Data Transaksi 75b85524-f6f7-b1cf-9513-d36ec9feee4f',1,'2024-06-01 11:54:37'),(490,NULL,'t_aku','Transaksi','Desktop-Windows','Berhasil Membatalkan Transaksi 75b85524-f6f7-b1cf-9513-d36ec9feee4f',1,'2024-06-01 11:54:57'),(491,NULL,'t_aku','Transaksi','Desktop-Windows','Berhasil Menambahkan Data Transaksi e36a402f-92c9-3ca1-630b-a376e32d08a4',1,'2024-06-01 11:55:04'),(492,NULL,'t_aku','Transaksi','Desktop-Windows','Berhasil Menyimpan Data Produk Transaksi e36a402f-92c9-3ca1-630b-a376e32d08a4',1,'2024-06-01 11:56:09'),(493,NULL,'t_aku','Transaksi','Desktop-Windows','Berhasil Menambahkan Data Transaksi f1f63813-6b2d-d566-497b-35378270898e',1,'2024-06-01 11:56:41'),(494,NULL,'t_aku','Transaksi','Desktop-Windows','Berhasil Menyimpan Data Produk Transaksi f1f63813-6b2d-d566-497b-35378270898e',1,'2024-06-01 11:57:05'),(495,NULL,'t_aku','Transaksi','Desktop-Windows','Berhasil Menambahkan Data Transaksi c747d17c-a306-185f-fc01-16aab6a8bd44',1,'2024-06-01 12:08:06'),(496,NULL,'t_aku','Transaksi','Desktop-Windows','Berhasil Menambahkan Data Transaksi b7b61a40-a7ef-f488-85c1-2cc7088575ce',1,'2024-06-01 12:22:37'),(497,NULL,'t_aku','Transaksi','Desktop-Windows','Berhasil Membatalkan Transaksi b7b61a40-a7ef-f488-85c1-2cc7088575ce',1,'2024-06-01 12:24:54'),(498,NULL,'t_aku','Transaksi','Desktop-Windows','Berhasil Menambahkan Data Transaksi 615856ea-9dc0-2194-8fd0-04f0c1e4c09a',1,'2024-06-01 12:29:39'),(499,NULL,'t_aku','Transaksi','Desktop-Windows','Berhasil Menambahkan Data Produk Transaksi 615856ea-9dc0-2194-8fd0-04f0c1e4c09a',1,'2024-06-01 12:32:43'),(500,NULL,'t_aku','Transaksi','Desktop-Windows','Berhasil Menghapus Data Produk Transaksi 615856ea-9dc0-2194-8fd0-04f0c1e4c09a',1,'2024-06-01 12:35:26'),(501,NULL,'t_aku','Transaksi','Desktop-Windows','Berhasil Menambahkan Data Produk Transaksi 615856ea-9dc0-2194-8fd0-04f0c1e4c09a',1,'2024-06-01 12:36:10'),(502,NULL,'t_aku','Transaksi','Desktop-Windows','Berhasil Menambahkan Data Produk Transaksi 615856ea-9dc0-2194-8fd0-04f0c1e4c09a',1,'2024-06-01 12:36:40'),(503,NULL,'t_aku','Transaksi','Desktop-Windows','Berhasil Menambahkan Data Produk Transaksi 615856ea-9dc0-2194-8fd0-04f0c1e4c09a',1,'2024-06-01 12:45:05'),(504,NULL,'t_aku','Transaksi','Desktop-Windows','Berhasil Update Data Produk Transaksi 615856ea-9dc0-2194-8fd0-04f0c1e4c09a',1,'2024-06-01 12:45:36'),(505,NULL,'t_aku','Transaksi','Desktop-Windows','Berhasil Menghapus Data Produk Transaksi 615856ea-9dc0-2194-8fd0-04f0c1e4c09a',1,'2024-06-01 12:48:26'),(506,NULL,'t_aku','Transaksi','Desktop-Windows','Berhasil Menghapus Data Produk Transaksi 615856ea-9dc0-2194-8fd0-04f0c1e4c09a',1,'2024-06-01 12:48:34'),(507,NULL,'achmad_yo','Login','Desktop-Windows','Berhasil Melakukan Login Aplikasi',1,'2024-06-01 19:02:57'),(508,NULL,'achmad_yo','Metode Bayar','Desktop-Windows','Berhasil Menambahkan Data Metode Bayar',1,'2024-06-01 20:24:11'),(509,NULL,'achmad_yo','Metode Bayar','Desktop-Windows','Berhasil Menambahkan Data Metode Bayar',1,'2024-06-01 20:27:28'),(510,NULL,'achmad_y0','Login','Desktop-Windows','Username dan Kata Sandi Tidak Sesuai',0,'2024-06-03 08:15:44'),(511,NULL,'achmad_yo','Login','Desktop-Windows','Berhasil Melakukan Login Aplikasi',1,'2024-06-03 08:15:52'),(512,NULL,'achmad_yo','Login','Desktop-Windows','Username dan Kata Sandi Tidak Sesuai',0,'2024-06-03 08:28:14'),(513,NULL,'achmad_yo','Login','Desktop-Windows','Berhasil Melakukan Login Aplikasi',1,'2024-06-03 08:28:22'),(514,NULL,'achmad_yo','Metode bayar','Desktop-Windows','Berhasil Mengubah Status Tidak Aktif Metode Bayar',1,'2024-06-03 08:28:35'),(515,NULL,'achmad_yo','Metode bayar','Desktop-Windows','Berhasil Mengubah Status Aktif Metode Bayar',1,'2024-06-03 08:28:41'),(516,NULL,'achmad_yo','Login','Desktop-Windows','Username dan Kata Sandi Tidak Sesuai',0,'2024-06-03 13:41:38'),(517,NULL,'achmad_yo','Login','Desktop-Windows','Berhasil Melakukan Login Aplikasi',1,'2024-06-03 13:41:46'),(518,NULL,'achmad_yo','Metode Bayar','Desktop-Windows','Berhasil Memperbarui Data Metode Bayar',1,'2024-06-03 13:42:07'),(519,NULL,'achmad_yo','Login','Desktop-Windows','Berhasil Melakukan Login Aplikasi',1,'2024-06-05 20:55:22'),(520,NULL,'achmad_yo','Logout','Desktop-Windows','Berhasil Melakukan Logout Aplikasi',1,'2024-06-05 21:05:21'),(521,NULL,'t_aku','Login','Desktop-Windows','Berhasil Melakukan Login Aplikasi',1,'2024-06-05 21:05:29'),(522,NULL,'t_aku','Login','Desktop-Windows','Berhasil Melakukan Login Aplikasi',1,'2024-06-05 21:11:03'),(523,NULL,'t_aku','Login','Desktop-Windows','Berhasil Melakukan Login Aplikasi',1,'2024-06-06 14:56:13'),(524,NULL,'t_aku','Login','Desktop-Windows','Berhasil Melakukan Login Aplikasi',1,'2024-06-06 19:08:33'),(525,NULL,'t_aku','Login','Desktop-Windows','Berhasil Melakukan Login Aplikasi',1,'2024-06-07 21:09:47'),(526,NULL,'t_aku','Transaksi','Desktop-Windows','Berhasil Menyimpan Data Produk Transaksi 615856ea-9dc0-2194-8fd0-04f0c1e4c09a',1,'2024-06-07 21:37:36'),(527,NULL,'t_aku','Transaksi','Desktop-Windows','Berhasil Menambahkan Data Transaksi f19a1f70-6144-b083-26ac-fd5b38f89787',1,'2024-06-07 21:40:09'),(528,NULL,'t_aku','Transaksi','Desktop-Windows','Berhasil Menambahkan Data Produk Transaksi f19a1f70-6144-b083-26ac-fd5b38f89787',1,'2024-06-07 21:40:43'),(529,NULL,'t_aku','Login','Desktop-Windows','Berhasil Melakukan Login Aplikasi',1,'2024-06-08 13:46:09'),(530,NULL,'t_aku','Login','Desktop-Windows','Berhasil Melakukan Login Aplikasi',1,'2024-06-08 14:49:07'),(531,NULL,'t_aku','Login','Desktop-Windows','Berhasil Melakukan Login Aplikasi',1,'2024-06-08 17:49:35'),(532,NULL,'t_aku','Login','Desktop-Windows','Berhasil Melakukan Login Aplikasi',1,'2024-06-08 20:01:47'),(533,NULL,'t_aku','Login','Desktop-Windows','Berhasil Melakukan Login Aplikasi',1,'2024-06-08 20:12:15'),(534,NULL,'t_aku','Login','Mobile-Android','Berhasil Melakukan Login Aplikasi',1,'2024-06-08 20:19:51'),(535,NULL,'t_aku','Transaksi','Mobile-Android','Berhasil Menambahkan Data Produk Transaksi f19a1f70-6144-b083-26ac-fd5b38f89787',1,'2024-06-08 20:20:50'),(536,NULL,'t_aku','Transaksi','Mobile-Android','Berhasil Memperbarui Data Produk Transaksi f19a1f70-6144-b083-26ac-fd5b38f89787',1,'2024-06-08 20:24:06'),(537,NULL,'t_aku','Produk','Mobile-Android','Berhasil Menghapus Data Member Custom Harga Produk',1,'2024-06-08 20:24:17'),(538,NULL,'t_aku','Produk','Mobile-Android','Berhasil Menambahkan Data Member Custom Harga Produk',1,'2024-06-08 20:24:24'),(539,NULL,'t_aku','Transaksi','Mobile-Android','Berhasil Memperbarui Data Produk Transaksi f19a1f70-6144-b083-26ac-fd5b38f89787',1,'2024-06-08 20:24:29'),(540,NULL,'t_aku','Login','Desktop-Windows','Berhasil Melakukan Login Aplikasi',1,'2024-06-09 14:26:34'),(541,NULL,'t_aku','Transaksi','Desktop-Windows','Berhasil Menambahkan Data Produk Transaksi f19a1f70-6144-b083-26ac-fd5b38f89787',1,'2024-06-09 14:26:45'),(542,NULL,'t_aku','Login','Desktop-Windows','Berhasil Melakukan Login Aplikasi',1,'2024-06-09 15:06:31'),(543,NULL,'t_aku','Transaksi','Desktop-Windows','Gagal Melakukan Pembayaran Transaksi f19a1f70-6144-b083-26ac-fd5b38f89787',0,'2024-06-09 15:16:03'),(544,NULL,'t_aku','Transaksi','Desktop-Windows','Berhasil Menghapus Data Produk Transaksi f19a1f70-6144-b083-26ac-fd5b38f89787',1,'2024-06-09 15:16:48'),(545,NULL,'t_aku','Transaksi','Desktop-Windows','Berhasil Melakukan Pembayaran Transaksi f19a1f70-6144-b083-26ac-fd5b38f89787',1,'2024-06-09 15:17:12'),(546,NULL,'t_aku','Login','Desktop-Windows','Berhasil Melakukan Login Aplikasi',1,'2024-06-11 08:22:43'),(547,NULL,'t_aku','Transaksi','Desktop-Windows','Berhasil Menambahkan Data Transaksi 4035d02d-8a48-a433-e289-ac7f843a9eb3',1,'2024-06-11 08:22:53'),(548,NULL,'t_aku','Transaksi','Desktop-Windows','Berhasil Menambahkan Data Produk Transaksi 4035d02d-8a48-a433-e289-ac7f843a9eb3',1,'2024-06-11 08:23:03'),(549,NULL,'t_aku','Transaksi','Desktop-Windows','Berhasil Menambahkan Data Produk Transaksi 4035d02d-8a48-a433-e289-ac7f843a9eb3',1,'2024-06-11 08:23:14'),(550,NULL,'t_aku','Transaksi','Desktop-Windows','Berhasil Melakukan Pembayaran Transaksi 4035d02d-8a48-a433-e289-ac7f843a9eb3',1,'2024-06-11 08:23:35'),(551,NULL,'t_aku','Transaksi','Desktop-Windows','Berhasil Melakukan Pembayaran Transaksi 4035d02d-8a48-a433-e289-ac7f843a9eb3',1,'2024-06-11 08:23:37'),(552,NULL,'t_aku','Transaksi','Desktop-Windows','Berhasil Menambahkan Data Transaksi 822f80e3-fbbc-2cef-ece4-317c48acfa62',1,'2024-06-11 09:45:27'),(553,NULL,'t_aku','Transaksi','Desktop-Windows','Berhasil Menambahkan Data Produk Transaksi 822f80e3-fbbc-2cef-ece4-317c48acfa62',1,'2024-06-11 09:45:36'),(554,NULL,'t_aku','Transaksi','Desktop-Windows','Berhasil Menambahkan Data Produk Transaksi 822f80e3-fbbc-2cef-ece4-317c48acfa62',1,'2024-06-11 09:48:03'),(555,NULL,'t_aku','Transaksi','Desktop-Windows','Berhasil Melakukan Pembayaran Transaksi 822f80e3-fbbc-2cef-ece4-317c48acfa62',1,'2024-06-11 09:55:19'),(556,NULL,'t_aku','Transaksi','Desktop-Windows','Berhasil Menambahkan Data Transaksi 85a51e5c-034f-f553-2db3-81462145d3dd',1,'2024-06-11 09:56:45'),(557,NULL,'t_aku','Transaksi','Desktop-Windows','Berhasil Menambahkan Data Produk Transaksi 85a51e5c-034f-f553-2db3-81462145d3dd',1,'2024-06-11 10:08:22'),(558,NULL,'t_aku','Transaksi','Desktop-Windows','Berhasil Menambahkan Data Produk Transaksi 85a51e5c-034f-f553-2db3-81462145d3dd',1,'2024-06-11 10:46:01'),(559,NULL,'t_aku','Login','Desktop-Windows','Berhasil Melakukan Login Aplikasi',1,'2024-06-11 10:46:51'),(560,NULL,'t_aku','Transaksi','Desktop-Windows','Berhasil Melakukan Pembayaran Transaksi 85a51e5c-034f-f553-2db3-81462145d3dd',1,'2024-06-11 10:51:00'),(561,NULL,'t_aku','Transaksi','Desktop-Windows','Berhasil Menambahkan Data Transaksi 2338e12c-2a7e-04f4-1ebf-3a424be11e17',1,'2024-06-11 10:51:47'),(562,NULL,'t_aku','Transaksi','Desktop-Windows','Berhasil Menambahkan Data Produk Transaksi 2338e12c-2a7e-04f4-1ebf-3a424be11e17',1,'2024-06-11 10:51:54'),(563,NULL,'t_aku','Transaksi','Desktop-Windows','Berhasil Melakukan Pembayaran Transaksi 2338e12c-2a7e-04f4-1ebf-3a424be11e17',1,'2024-06-11 10:52:10'),(564,NULL,'t_aku','Transaksi','Desktop-Windows','Berhasil Menambahkan Data Transaksi 94ca3eeb-0c23-eec2-3c45-25da879199a1',1,'2024-06-11 10:55:40'),(565,NULL,'t_aku','Transaksi','Desktop-Windows','Berhasil Menambahkan Data Produk Transaksi 94ca3eeb-0c23-eec2-3c45-25da879199a1',1,'2024-06-11 10:55:47'),(566,NULL,'t_aku','Login','Desktop-Windows','Berhasil Melakukan Login Aplikasi',1,'2024-06-11 11:07:03'),(567,NULL,'t_aku','Login','Desktop-Windows','Berhasil Melakukan Login Aplikasi',1,'2024-06-11 13:55:31'),(568,NULL,'t_aku','Transaksi','Desktop-Windows','Berhasil Melakukan Pembayaran Transaksi 94ca3eeb-0c23-eec2-3c45-25da879199a1',1,'2024-06-11 14:02:27'),(569,NULL,'t_aku','Transaksi','Desktop-Windows','Berhasil Melakukan Pembayaran Transaksi 94ca3eeb-0c23-eec2-3c45-25da879199a1',1,'2024-06-11 14:03:20'),(570,NULL,'t_aku','Login','Desktop-Windows','Berhasil Melakukan Login Aplikasi',1,'2024-06-11 14:03:50'),(571,NULL,'t_aku','Transaksi','Desktop-Windows','Berhasil Melakukan Pembayaran Transaksi 94ca3eeb-0c23-eec2-3c45-25da879199a1',1,'2024-06-11 14:04:10'),(572,NULL,'t_aku','Transaksi','Desktop-Windows','Berhasil Menambahkan Data Transaksi 1bce8ce7-5d21-add9-19a0-1e696922db0f',1,'2024-06-11 14:05:45'),(573,NULL,'t_aku','Transaksi','Desktop-Windows','Berhasil Menambahkan Data Produk Transaksi 1bce8ce7-5d21-add9-19a0-1e696922db0f',1,'2024-06-11 14:05:52'),(574,NULL,'t_aku','Transaksi','Desktop-Windows','Berhasil Menambahkan Data Produk Transaksi 1bce8ce7-5d21-add9-19a0-1e696922db0f',1,'2024-06-11 14:05:58'),(575,NULL,'t_aku','Transaksi','Desktop-Windows','Berhasil Melakukan Pembayaran Transaksi 1bce8ce7-5d21-add9-19a0-1e696922db0f',1,'2024-06-11 14:06:21'),(576,NULL,'t_aku','Transaksi','Desktop-Windows','Berhasil Melakukan Pembayaran Transaksi 1bce8ce7-5d21-add9-19a0-1e696922db0f',1,'2024-06-11 14:08:23'),(577,NULL,'t_aku','Login','Desktop-Windows','Berhasil Melakukan Login Aplikasi',1,'2024-06-12 10:34:20'),(578,NULL,'t_aku','Transaksi','Desktop-Windows','Berhasil Menambahkan Data Transaksi a0275e3f-6395-9e7b-ab76-33bc73df82c3',1,'2024-06-12 10:46:09'),(579,NULL,'t_aku','Transaksi','Desktop-Windows','Berhasil Menambahkan Data Produk Transaksi a0275e3f-6395-9e7b-ab76-33bc73df82c3',1,'2024-06-12 10:46:36'),(580,NULL,'t_aku','Produk','Desktop-Windows','Berhasil Menghapus Data Member Custom Harga Produk',1,'2024-06-12 10:46:43'),(581,NULL,'t_aku','Produk','Desktop-Windows','Berhasil Menambahkan Data Member Custom Harga Produk',1,'2024-06-12 10:46:48'),(582,NULL,'t_aku','Transaksi','Desktop-Windows','Berhasil Memperbarui Data Produk Transaksi a0275e3f-6395-9e7b-ab76-33bc73df82c3',1,'2024-06-12 10:46:52'),(583,NULL,'t_aku','Transaksi','Desktop-Windows','Berhasil Melakukan Pembayaran Transaksi a0275e3f-6395-9e7b-ab76-33bc73df82c3',1,'2024-06-12 10:47:08'),(584,NULL,'t_aku','Login','Desktop-Windows','Berhasil Melakukan Login Aplikasi',1,'2024-06-14 09:26:23'),(585,NULL,'t_aku','Login','Desktop-Windows','Berhasil Melakukan Login Aplikasi',1,'2024-06-19 13:33:46'),(586,NULL,'t_aku','Login','Desktop-Windows','Berhasil Melakukan Login Aplikasi',1,'2024-06-19 13:36:12'),(587,NULL,'t_aku','Login','Desktop-Windows','Berhasil Melakukan Login Aplikasi',1,'2024-06-20 17:08:36'),(588,NULL,'t_aku','Login','Desktop-Windows','Berhasil Melakukan Login Aplikasi',1,'2024-06-21 21:16:21'),(589,NULL,'t_aku','Login','Desktop-Windows','Berhasil Melakukan Login Aplikasi',1,'2024-06-22 11:09:08'),(590,NULL,'t_aku','Login','Desktop-Windows','Berhasil Melakukan Login Aplikasi',1,'2024-06-22 11:10:09'),(591,NULL,'t_aku','Login','Desktop-Windows','Berhasil Melakukan Login Aplikasi',1,'2024-06-22 14:46:47'),(592,NULL,'t_aku','Login','Desktop-Windows','Berhasil Melakukan Login Aplikasi',1,'2024-06-22 20:35:34'),(593,NULL,'t_aku','Login','Desktop-Windows','Berhasil Melakukan Login Aplikasi',1,'2024-06-23 11:36:40'),(594,NULL,'t_aku','Login','Desktop-Windows','Berhasil Melakukan Login Aplikasi',1,'2024-07-05 22:20:22'),(595,NULL,'t_aku','Login','Desktop-Windows','Berhasil Melakukan Login Aplikasi',1,'2024-07-05 22:26:53'),(596,NULL,'t_aku','Login','Desktop-Windows','Berhasil Melakukan Login Aplikasi',1,'2024-07-06 21:45:33'),(597,NULL,'t_aku','Login','Desktop-Windows','Berhasil Melakukan Login Aplikasi',1,'2024-07-08 10:25:33'),(598,NULL,'t_aku','Login','Desktop-Windows','Berhasil Melakukan Login Aplikasi',1,'2024-07-08 10:51:08'),(599,NULL,'t_aku','Login','Desktop-Windows','Berhasil Melakukan Login Aplikasi',1,'2024-07-08 21:25:29'),(600,NULL,'t_aku','Transaksi','Desktop-Windows','Berhasil Menambahkan Data Transaksi 6b85023a-5c56-c7bd-61b3-ccf98b9a60e8',1,'2024-07-08 21:47:01'),(601,NULL,'t_aku','Transaksi','Desktop-Windows','Berhasil Menambahkan Data Produk Transaksi 6b85023a-5c56-c7bd-61b3-ccf98b9a60e8',1,'2024-07-08 21:47:09'),(602,NULL,'t_aku','Login','Desktop-Windows','Berhasil Melakukan Login Aplikasi',1,'2024-07-17 11:47:29'),(603,NULL,'t_aku','Login','Desktop-Windows','Berhasil Melakukan Login Aplikasi',1,'2024-07-17 19:09:25'),(604,NULL,'t_aku','Login','Desktop-Windows','Berhasil Melakukan Login Aplikasi',1,'2024-07-17 23:22:05'),(605,NULL,'t_aku','Login','Mobile-Android','Berhasil Melakukan Login Aplikasi',1,'2024-07-17 23:58:56'),(606,NULL,'t_aku','Login','Desktop-Windows','Berhasil Melakukan Login Aplikasi',1,'2024-07-20 21:25:20'),(607,NULL,'t_aku','Login','Desktop-Windows','Berhasil Melakukan Login Aplikasi',1,'2024-07-20 21:29:03'),(608,NULL,'t_aku','Login','Desktop-Windows','Berhasil Melakukan Login Aplikasi',1,'2024-07-21 14:03:43'),(609,NULL,'t_aku','Login','Desktop-Windows','Berhasil Melakukan Login Aplikasi',1,'2024-07-21 14:04:15'),(610,NULL,'t_aku','Produk','Desktop-Windows','Berhasil Menghapus Data Member Custom Harga Produk',1,'2024-07-21 14:27:46'),(611,NULL,'t_aku','Transaksi','Desktop-Windows','Berhasil Memperbarui Data Produk Transaksi 6b85023a-5c56-c7bd-61b3-ccf98b9a60e8',1,'2024-07-21 14:27:50'),(612,NULL,'t_aku','Transaksi','Desktop-Windows','Berhasil Menambahkan Data Produk Transaksi 6b85023a-5c56-c7bd-61b3-ccf98b9a60e8',1,'2024-07-21 14:28:37'),(613,NULL,'t_aku','Transaksi','Desktop-Windows','Berhasil Menghapus Data Produk Transaksi 6b85023a-5c56-c7bd-61b3-ccf98b9a60e8',1,'2024-07-21 14:34:35'),(614,NULL,'t_aku','Transaksi','Desktop-Windows','Berhasil Menghapus Data Produk Transaksi 6b85023a-5c56-c7bd-61b3-ccf98b9a60e8',1,'2024-07-21 14:34:40'),(615,NULL,'t_aku','Transaksi','Desktop-Windows','Berhasil Menambahkan Data Produk Transaksi 6b85023a-5c56-c7bd-61b3-ccf98b9a60e8',1,'2024-07-21 14:34:48'),(616,NULL,'t_aku','Produk','Desktop-Windows','Berhasil Menambahkan Data Member Custom Harga Produk',1,'2024-07-21 14:34:59'),(617,NULL,'t_aku','Transaksi','Desktop-Windows','Berhasil Memperbarui Data Produk Transaksi 6b85023a-5c56-c7bd-61b3-ccf98b9a60e8',1,'2024-07-21 14:35:07'),(618,NULL,'t_aku','Login','Desktop-Windows','Berhasil Melakukan Login Aplikasi',1,'2024-07-21 14:53:44'),(619,NULL,'t_aku','Login','Desktop-Windows','Berhasil Melakukan Login Aplikasi',1,'2024-07-21 21:05:43'),(620,NULL,'t_aku','Transaksi','Desktop-Windows','Berhasil Memperbarui Data Produk Transaksi 6b85023a-5c56-c7bd-61b3-ccf98b9a60e8',1,'2024-07-21 21:20:51'),(621,NULL,'t_aku','Transaksi','Desktop-Windows','Berhasil Memperbarui Data Produk Transaksi 6b85023a-5c56-c7bd-61b3-ccf98b9a60e8',1,'2024-07-21 22:22:04'),(622,NULL,'t_aku','Login','Desktop-Windows','Berhasil Melakukan Login Aplikasi',1,'2024-07-21 22:33:54'),(623,NULL,'t_aku','Login','Desktop-Windows','Berhasil Melakukan Login Aplikasi',1,'2024-07-22 10:38:27'),(624,NULL,'t_aku','Login','Desktop-Windows','Berhasil Melakukan Login Aplikasi',1,'2024-07-22 10:43:33'),(625,NULL,'t_aku','Transaksi','Desktop-Windows','Gagal Melakukan Pembayaran Transaksi 6b85023a-5c56-c7bd-61b3-ccf98b9a60e8',0,'2024-07-22 10:50:48'),(626,NULL,'t_aku','Transaksi','Desktop-Windows','Gagal Melakukan Pembayaran Transaksi 6b85023a-5c56-c7bd-61b3-ccf98b9a60e8',0,'2024-07-22 10:54:19'),(627,NULL,'t_aku','Transaksi','Desktop-Windows','Berhasil Melakukan Pembayaran Transaksi 6b85023a-5c56-c7bd-61b3-ccf98b9a60e8',1,'2024-07-22 10:57:12'),(628,NULL,'t_aku','Transaksi','Desktop-Windows','Berhasil Menambahkan Data Transaksi 3cd03893-767a-88e6-09b3-480de0c3f69e',1,'2024-07-22 10:57:49'),(629,NULL,'t_aku','Transaksi','Desktop-Windows','Berhasil Menambahkan Data Produk Transaksi 3cd03893-767a-88e6-09b3-480de0c3f69e',1,'2024-07-22 10:57:59'),(630,NULL,'t_aku','Transaksi','Desktop-Windows','Berhasil Menambahkan Data Produk Transaksi 3cd03893-767a-88e6-09b3-480de0c3f69e',1,'2024-07-22 10:58:09'),(631,NULL,'t_aku','Transaksi','Desktop-Windows','Berhasil Melakukan Pembayaran Transaksi 3cd03893-767a-88e6-09b3-480de0c3f69e',1,'2024-07-22 10:58:30'),(632,NULL,'t_aku','Login','Desktop-Windows','Berhasil Melakukan Login Aplikasi',1,'2024-07-24 13:48:22'),(633,NULL,'t_aku','Transaksi','Desktop-Windows','Berhasil Menambahkan Data Transaksi ffa0bc92-0188-d630-7992-1976d7e2782e',1,'2024-07-24 13:49:28'),(634,NULL,'t_aku','Transaksi','Desktop-Windows','Berhasil Menambahkan Data Produk Transaksi ffa0bc92-0188-d630-7992-1976d7e2782e',1,'2024-07-24 13:49:39'),(635,NULL,'t_aku','Transaksi','Desktop-Windows','Berhasil Melakukan Pembayaran Transaksi ffa0bc92-0188-d630-7992-1976d7e2782e',1,'2024-07-24 13:49:51'),(636,NULL,'t_aku','Transaksi','Desktop-Windows','Berhasil Menambahkan Data Transaksi bfa69c25-84e9-4fb5-37ea-c2d8a169a511',1,'2024-07-24 13:52:55'),(637,NULL,'t_aku','Transaksi','Desktop-Windows','Berhasil Menambahkan Data Produk Transaksi bfa69c25-84e9-4fb5-37ea-c2d8a169a511',1,'2024-07-24 13:53:01'),(638,NULL,'t_aku','Transaksi','Desktop-Windows','Berhasil Melakukan Pembayaran Transaksi bfa69c25-84e9-4fb5-37ea-c2d8a169a511',1,'2024-07-24 13:53:14'),(639,NULL,'t_aku','Transaksi','Desktop-Windows','Berhasil Menambahkan Data Transaksi 51d52dec-1eb2-eb09-22f0-8f56a75d4141',1,'2024-07-24 13:54:05'),(640,NULL,'t_aku','Transaksi','Desktop-Windows','Berhasil Menambahkan Data Produk Transaksi 51d52dec-1eb2-eb09-22f0-8f56a75d4141',1,'2024-07-24 13:54:10'),(641,NULL,'t_aku','Transaksi','Desktop-Windows','Berhasil Melakukan Pembayaran Transaksi 51d52dec-1eb2-eb09-22f0-8f56a75d4141',1,'2024-07-24 13:54:20'),(642,NULL,'t_aku','Transaksi','Desktop-Windows','Berhasil Menambahkan Data Transaksi b2d49d4f-6ad7-990f-9d8a-2c78c4fd6f4d',1,'2024-07-24 13:55:09'),(643,NULL,'t_aku','Transaksi','Desktop-Windows','Berhasil Menambahkan Data Produk Transaksi b2d49d4f-6ad7-990f-9d8a-2c78c4fd6f4d',1,'2024-07-24 13:55:15'),(644,NULL,'t_aku','Transaksi','Desktop-Windows','Berhasil Melakukan Pembayaran Transaksi b2d49d4f-6ad7-990f-9d8a-2c78c4fd6f4d',1,'2024-07-24 13:55:23'),(645,NULL,'t_aku','Transaksi','Desktop-Windows','Berhasil Menambahkan Data Transaksi 43c873cf-5728-6dc5-3ad2-d154bdc2eb95',1,'2024-07-24 13:55:37'),(646,NULL,'t_aku','Transaksi','Desktop-Windows','Berhasil Menambahkan Data Produk Transaksi 43c873cf-5728-6dc5-3ad2-d154bdc2eb95',1,'2024-07-24 13:55:43'),(647,NULL,'t_aku','Transaksi','Desktop-Windows','Berhasil Melakukan Pembayaran Transaksi 43c873cf-5728-6dc5-3ad2-d154bdc2eb95',1,'2024-07-24 13:55:53'),(648,NULL,'t_aku','Transaksi','Desktop-Windows','Berhasil Menambahkan Data Transaksi 56db5d8f-17d5-b26f-508c-d61b32fe38b2',1,'2024-07-24 13:57:56'),(649,NULL,'t_aku','Transaksi','Desktop-Windows','Berhasil Menambahkan Data Produk Transaksi 56db5d8f-17d5-b26f-508c-d61b32fe38b2',1,'2024-07-24 13:58:01'),(650,NULL,'t_aku','Transaksi','Desktop-Windows','Berhasil Melakukan Pembayaran Transaksi 56db5d8f-17d5-b26f-508c-d61b32fe38b2',1,'2024-07-24 13:58:10'),(651,NULL,'t_aku','Transaksi','Desktop-Windows','Berhasil Menambahkan Data Transaksi 85cfa722-9fc0-fc0b-41d7-0dd185221ceb',1,'2024-07-24 13:58:25'),(652,NULL,'t_aku','Transaksi','Desktop-Windows','Berhasil Menambahkan Data Produk Transaksi 85cfa722-9fc0-fc0b-41d7-0dd185221ceb',1,'2024-07-24 13:58:31'),(653,NULL,'t_aku','Transaksi','Desktop-Windows','Berhasil Melakukan Pembayaran Transaksi 85cfa722-9fc0-fc0b-41d7-0dd185221ceb',1,'2024-07-24 13:58:46'),(654,NULL,'t_aku','Transaksi','Desktop-Windows','Berhasil Menambahkan Data Transaksi 733bb225-d409-279b-1c2a-d88a7614c8a1',1,'2024-07-24 13:59:06'),(655,NULL,'t_aku','Transaksi','Desktop-Windows','Berhasil Menambahkan Data Produk Transaksi 733bb225-d409-279b-1c2a-d88a7614c8a1',1,'2024-07-24 13:59:13'),(656,NULL,'t_aku','Transaksi','Desktop-Windows','Berhasil Melakukan Pembayaran Transaksi 733bb225-d409-279b-1c2a-d88a7614c8a1',1,'2024-07-24 13:59:22'),(657,NULL,'t_aku','Transaksi','Desktop-Windows','Berhasil Menambahkan Data Transaksi ffa198b5-8378-4c8b-e403-8e61f8f002e8',1,'2024-07-24 13:59:39'),(658,NULL,'t_aku','Transaksi','Desktop-Windows','Berhasil Menambahkan Data Produk Transaksi ffa198b5-8378-4c8b-e403-8e61f8f002e8',1,'2024-07-24 14:00:22'),(659,NULL,'t_aku','Transaksi','Desktop-Windows','Berhasil Melakukan Pembayaran Transaksi ffa198b5-8378-4c8b-e403-8e61f8f002e8',1,'2024-07-24 14:00:37'),(660,NULL,'t_aku','Transaksi','Desktop-Windows','Berhasil Menambahkan Data Transaksi 4b30e335-0ef2-96c9-44c5-3f2ae111fca6',1,'2024-07-24 14:02:43'),(661,NULL,'t_aku','Transaksi','Desktop-Windows','Berhasil Menambahkan Data Produk Transaksi 4b30e335-0ef2-96c9-44c5-3f2ae111fca6',1,'2024-07-24 14:02:51'),(662,NULL,'t_aku','Transaksi','Desktop-Windows','Berhasil Memperbarui Data Produk Transaksi 4b30e335-0ef2-96c9-44c5-3f2ae111fca6',1,'2024-07-24 14:03:07'),(663,NULL,'t_aku','Transaksi','Desktop-Windows','Berhasil Melakukan Pembayaran Transaksi 4b30e335-0ef2-96c9-44c5-3f2ae111fca6',1,'2024-07-24 14:03:26'),(664,NULL,'t_aku','Transaksi','Desktop-Windows','Berhasil Menambahkan Data Transaksi 08eb3f32-bee8-8bae-e83c-1577b3cda725',1,'2024-07-24 14:03:36'),(665,NULL,'t_aku','Transaksi','Desktop-Windows','Berhasil Menambahkan Data Produk Transaksi 08eb3f32-bee8-8bae-e83c-1577b3cda725',1,'2024-07-24 14:03:43'),(666,NULL,'t_aku','Login','Desktop-Windows','Berhasil Melakukan Login Aplikasi',1,'2024-07-24 20:56:44'),(667,NULL,'t_aku','Login','Desktop-Windows','Berhasil Melakukan Login Aplikasi',1,'2024-07-24 22:01:58'),(668,NULL,'t_aku','Login','Desktop-Windows','Berhasil Melakukan Login Aplikasi',1,'2024-07-25 14:07:02'),(669,NULL,'t_aku','Login','Desktop-Windows','Berhasil Melakukan Login Aplikasi',1,'2024-07-25 16:48:46'),(670,NULL,'t_aku','Login','Desktop-Windows','Username dan Kata Sandi Tidak Sesuai',0,'2024-07-29 09:25:39'),(671,NULL,'t_aku','Login','Desktop-Windows','Berhasil Melakukan Login Aplikasi',1,'2024-07-29 09:25:47'),(672,NULL,'t_aku','Login','Desktop-Windows','Berhasil Melakukan Login Aplikasi',1,'2024-07-29 09:34:25'),(673,NULL,'t_aku','Transaksi','Desktop-Windows','Berhasil Memperbarui Data Produk Transaksi 615856ea-9dc0-2194-8fd0-04f0c1e4c09a',1,'2024-07-29 11:00:09'),(674,NULL,'t_aku','Transaksi','Desktop-Windows','Berhasil Menambahkan Data Produk Transaksi 615856ea-9dc0-2194-8fd0-04f0c1e4c09a',1,'2024-07-29 11:16:51'),(675,NULL,'t_aku','Transaksi','Desktop-Windows','Berhasil Menghapus Data Produk Transaksi 615856ea-9dc0-2194-8fd0-04f0c1e4c09a',1,'2024-07-29 11:16:56'),(676,NULL,'t_aku','Produk','Desktop-Windows','Berhasil Menambahkan Data Member Custom Harga Produk',1,'2024-07-29 11:17:45'),(677,NULL,'t_aku','Transaksi','Desktop-Windows','Berhasil Memperbarui Data Produk Transaksi 615856ea-9dc0-2194-8fd0-04f0c1e4c09a',1,'2024-07-29 11:17:50'),(678,NULL,'t_aku','Transaksi','Desktop-Windows','Berhasil Memperbarui Data Produk Transaksi 615856ea-9dc0-2194-8fd0-04f0c1e4c09a',1,'2024-07-29 11:27:20'),(679,NULL,'t_aku','Transaksi','Desktop-Windows','Berhasil Menghapus Data Produk Transaksi 615856ea-9dc0-2194-8fd0-04f0c1e4c09a',1,'2024-07-29 11:28:15'),(680,NULL,'t_aku','Transaksi','Desktop-Windows','Berhasil Menambahkan Data Produk Transaksi 615856ea-9dc0-2194-8fd0-04f0c1e4c09a',1,'2024-07-29 11:28:23'),(681,NULL,'t_aku','Transaksi','Desktop-Windows','Berhasil Melakukan Pembayaran Transaksi 615856ea-9dc0-2194-8fd0-04f0c1e4c09a',1,'2024-07-29 11:35:55'),(682,NULL,'t_aku','Login','Desktop-Windows','Berhasil Melakukan Login Aplikasi',1,'2024-07-29 11:42:38'),(683,NULL,'t_aku','Transaksi','Desktop-Windows','Berhasil Melakukan Pembayaran Transaksi 08eb3f32-bee8-8bae-e83c-1577b3cda725',1,'2024-07-29 13:04:12'),(684,NULL,'t_aku','Login','Desktop-Windows','Berhasil Melakukan Login Aplikasi',1,'2024-07-29 13:42:05'),(685,NULL,'t_aku','Login','Mobile-Android','Berhasil Melakukan Login Aplikasi',1,'2024-07-29 14:21:39'),(686,NULL,'t_aku','Transaksi','Desktop-Windows','Berhasil Menambahkan Data Transaksi 73b97612-a42e-010a-4669-23a5b29d3e63',1,'2024-07-29 14:43:05'),(687,NULL,'t_aku','Transaksi','Desktop-Windows','Berhasil Menambahkan Data Produk Transaksi 73b97612-a42e-010a-4669-23a5b29d3e63',1,'2024-07-29 14:43:13'),(688,NULL,'t_aku','Transaksi','Desktop-Windows','Berhasil Melakukan Pembayaran Transaksi 73b97612-a42e-010a-4669-23a5b29d3e63',1,'2024-07-29 14:43:24'),(689,NULL,'t_aku','Transaksi','Mobile-Android','Berhasil Menambahkan Data Transaksi c1413b61-a889-f7cd-65a7-b74a829fff1d',1,'2024-07-29 15:11:13'),(690,NULL,'t_aku','Transaksi','Mobile-Android','Berhasil Menambahkan Data Produk Transaksi c1413b61-a889-f7cd-65a7-b74a829fff1d',1,'2024-07-29 15:11:22'),(691,NULL,'t_aku','Transaksi','Mobile-Android','Berhasil Update Data Produk Transaksi c1413b61-a889-f7cd-65a7-b74a829fff1d',1,'2024-07-29 15:11:41'),(692,NULL,'t_aku','Login','Desktop-Windows','Berhasil Melakukan Login Aplikasi',1,'2024-07-30 13:57:03'),(693,NULL,'t_aku','Login','Desktop-Windows','Berhasil Melakukan Login Aplikasi',1,'2024-07-30 14:06:33'),(694,NULL,'t_aku','Login','Desktop-Windows','Berhasil Melakukan Login Aplikasi',1,'2024-07-31 20:43:23'),(695,NULL,'t_aku','Logout','Desktop-Windows','Berhasil Melakukan Logout Aplikasi',1,'2024-07-31 20:59:19'),(696,NULL,'t_aku','Login','Desktop-Windows','Berhasil Melakukan Login Aplikasi',1,'2024-07-31 20:59:29'),(697,NULL,'t_aku','Login','Desktop-Windows','Berhasil Melakukan Login Aplikasi',1,'2024-07-31 21:02:56'),(698,NULL,'t_aku','Login','Desktop-Windows','Berhasil Melakukan Login Aplikasi',1,'2024-07-31 21:07:56'),(699,NULL,'t_aku','Login','Desktop-Windows','Berhasil Melakukan Login Aplikasi',1,'2024-07-31 21:15:07'),(700,NULL,'t_aku','Login','Desktop-Windows','Berhasil Melakukan Login Aplikasi',1,'2024-07-31 21:19:31'),(701,NULL,'t_aku','Login','Desktop-Windows','Berhasil Melakukan Login Aplikasi',1,'2024-07-31 21:27:23'),(702,NULL,'t_aku','Login','Desktop-Windows','Berhasil Melakukan Login Aplikasi',1,'2024-08-03 16:09:00'),(703,NULL,'t_aku','Login','Desktop-Windows','Berhasil Melakukan Login Aplikasi',1,'2024-08-04 09:55:34'),(704,NULL,'t_aku','Logout','Desktop-Windows','Berhasil Melakukan Logout Aplikasi',1,'2024-08-04 10:41:12'),(705,'81020c1a-7338-f4cd-5ee9-d498e18ee3ac','t_aku','Login','Desktop-Windows','Berhasil Melakukan Login Aplikasi',1,'2024-08-04 10:41:46'),(706,'81020c1a-7338-f4cd-5ee9-d498e18ee3ac','t_aku','Logout','Desktop-Windows-','Berhasil Melakukan Logout Aplikasi',1,'2024-08-04 11:00:06'),(707,'a129dda4-3d70-0a17-f8a2-137eee5e6ab5','t_aku','Logout','Desktop-Windows-','Berhasil Melakukan Logout Aplikasi',1,'2024-08-04 11:00:55'),(708,'6af32709-017f-2a3c-6997-d63c39132a26','t_aku','Login','Desktop-Windows-','Berhasil Melakukan Login Aplikasi',1,'2024-08-04 11:01:02'),(709,'6af32709-017f-2a3c-6997-d63c39132a26','t_aku','Logout','Desktop-Windows','Berhasil Melakukan Logout Aplikasi',1,'2024-08-04 11:02:48'),(710,'6ea1dea1-8280-6a53-c62b-a66c348ff544','t_aku','Login','Desktop-Windows','Berhasil Melakukan Login Aplikasi',1,'2024-08-04 11:03:13'),(711,'20414b88-60ed-1d3d-ea78-da855169c194','t_aku','Login','Desktop-Windows','Berhasil Melakukan Login Aplikasi',1,'2024-08-04 13:51:53'),(712,'20414b88-60ed-1d3d-ea78-da855169c194','t_aku','Transaksi','Desktop-Windows','Berhasil Update Data Produk Transaksi c1413b61-a889-f7cd-65a7-b74a829fff1d',1,'2024-08-04 13:59:55'),(713,'6aa051c0-5c57-a1c6-a3db-531b3e3cfea1','t_aku','Login','Desktop-Windows','Berhasil Melakukan Login Aplikasi',1,'2024-08-07 21:54:53'),(714,'14f7e16e-4c93-133c-8546-50c020959c0d','t_aku','Login','Desktop-Windows','Berhasil Melakukan Login Aplikasi',1,'2024-08-07 22:58:01'),(715,'546aa8d1-7791-c8f0-9978-703d84b5ebd8','t_aku','Login','Desktop-Windows','Berhasil Melakukan Login Aplikasi',1,'2024-08-07 23:07:44'),(716,'3f59c9d8-0c60-c647-bea0-c3c5ce0a1076','t_aku','Login','Desktop-Windows','Berhasil Melakukan Login Aplikasi',1,'2024-08-09 09:51:47'),(717,'4aa17569-f631-d377-37e1-cbc0f0544650','t_aku','Login','Desktop-Windows','Berhasil Melakukan Login Aplikasi',1,'2024-08-10 16:05:48'),(718,'4aa17569-f631-d377-37e1-cbc0f0544650','t_aku','Logout','Desktop-Windows','Berhasil Melakukan Logout Aplikasi',1,'2024-08-10 16:07:09'),(719,'5b055d43-d1de-79f4-ce4e-4a5085f4ecb5','t_aku','Login','Desktop-Windows','Berhasil Melakukan Login Aplikasi',1,'2024-08-10 16:07:25'),(720,'5b055d43-d1de-79f4-ce4e-4a5085f4ecb5','t_aku','Logout','Desktop-Windows','Berhasil Melakukan Logout Aplikasi',1,'2024-08-10 16:11:04'),(721,'5b055d43-d1de-79f4-ce4e-4a5085f4ecb5','t_aku','Logout','Desktop-Windows','Berhasil Melakukan Logout Aplikasi',1,'2024-08-10 16:12:08'),(722,'5324919d-d289-9919-3205-808f1d909943','t_aku','Login','Desktop-Windows','Berhasil Melakukan Login Aplikasi',1,'2024-08-10 16:14:59'),(723,'5324919d-d289-9919-3205-808f1d909943','t_aku','Logout','Desktop-Windows','Berhasil Melakukan Logout Aplikasi',1,'2024-08-10 16:35:25'),(724,'2c3832c0-7e44-c4d3-e486-81cb9a161296','t_aku','Login','Desktop-Windows','Berhasil Melakukan Login Aplikasi',1,'2024-08-10 16:35:33'),(725,'557d2496-d62d-76e5-1446-c56610343bd2','t_aku','Login','Desktop-Windows','Berhasil Melakukan Login Aplikasi',1,'2024-08-10 16:36:44'),(726,'fd187d60-e624-4d87-2c4a-e7e708f2f444','t_aku','Login','Desktop-Windows','Berhasil Melakukan Login Aplikasi',1,'2024-08-10 16:39:36'),(727,'285714b7-e746-66ca-9364-48fc57e4de47','t_aku','Login','Desktop-Windows','Berhasil Melakukan Login Aplikasi',1,'2024-08-10 16:51:42'),(728,'2c31d6f8-7cd9-67dc-ae3e-15e433f72c9a','t_aku','Login','Desktop-Windows','Berhasil Melakukan Login Aplikasi',1,'2024-08-10 16:57:39'),(729,'8071ec52-5187-6646-b8b4-b9128fddbf52','t_aku','Login','Desktop-Windows','Berhasil Melakukan Login Aplikasi',1,'2024-08-10 20:50:46'),(730,'02a0e533-bf53-210f-5c3a-e063289766e8','t_aku','Login','Desktop-Windows','Berhasil Melakukan Login Aplikasi',1,'2024-08-10 20:51:55'),(731,'b9138655-de1d-fb45-6b14-fe2220f7e225','t_aku','Login','Desktop-Windows','Berhasil Melakukan Login Aplikasi',1,'2024-08-10 20:53:59'),(732,'65f6681f-f7c8-0a0e-89be-346418543296','t_aku','Login','Desktop-Windows','Berhasil Melakukan Login Aplikasi',1,'2024-08-10 20:56:40'),(733,'65f6681f-f7c8-0a0e-89be-346418543296','t_aku','Logout','Desktop-Windows','Berhasil Melakukan Logout Aplikasi',1,'2024-08-10 21:26:56'),(734,'e4dab6a4-a7b9-6409-209a-bf0a5e816819','t_aku','Login','Desktop-Windows','Berhasil Melakukan Login Aplikasi',1,'2024-08-10 21:27:07'),(735,'e4dab6a4-a7b9-6409-209a-bf0a5e816819','t_aku','Logout','Desktop-Windows','Berhasil Melakukan Logout Aplikasi',1,'2024-08-10 21:32:03'),(736,'78f16fcc-2d49-361f-e67c-0ca5f9f6aaa5','t_aku','Login','Desktop-Windows','Berhasil Melakukan Login Aplikasi',1,'2024-08-10 21:32:12'),(737,'a9827464-05cb-8fd2-9e1e-9cff8b30849d','t_aku','Login','Desktop-Windows','Berhasil Melakukan Login Aplikasi',1,'2024-08-10 22:10:40'),(738,NULL,'t_aku','Login','Desktop-Windows','Pegawai sedang aktif di device lain',0,'2024-08-10 22:18:23'),(739,NULL,'t_aku','Login','Desktop-Windows','Pegawai sedang aktif di device lain',0,'2024-08-10 22:27:11'),(740,'a9827464-05cb-8fd2-9e1e-9cff8b30849d','t_aku','Logout','Desktop-Windows','Berhasil Melakukan Logout Aplikasi',1,'2024-08-10 22:31:45'),(741,'a9827464-05cb-8fd2-9e1e-9cff8b30849d','t_aku','Logout','Desktop-Windows','Berhasil Melakukan Logout Aplikasi',1,'2024-08-10 22:32:15'),(742,NULL,'t_aku','Login','Desktop-Windows','Pegawai sedang aktif di device lain',0,'2024-08-10 22:32:46'),(743,'e2be6080-c3c7-7eed-bb86-281d6ebfe352','t_aku','Login','Desktop-Windows','Berhasil Melakukan Login Aplikasi',1,'2024-08-10 22:33:12'),(744,'e2be6080-c3c7-7eed-bb86-281d6ebfe352','t_aku','Logout','Desktop-Windows','Berhasil Melakukan Logout Aplikasi',1,'2024-08-10 22:33:21'),(745,'301b23c1-0ed8-8a93-ebfd-bd003390efc4','t_aku','Login','Desktop-Windows','Berhasil Melakukan Login Aplikasi',1,'2024-08-10 22:34:14'),(746,'301b23c1-0ed8-8a93-ebfd-bd003390efc4','t_aku','Logout','Desktop-Windows','Berhasil Melakukan Logout Aplikasi',1,'2024-08-10 22:34:28'),(747,NULL,'t_aku','Login','Desktop-Windows','Pegawai sedang aktif di device lain',0,'2024-08-10 22:35:06'),(748,'6a390470-19c3-61aa-4907-d7ddb06ac1d6','t_aku','Login','Desktop-Windows','Berhasil Melakukan Login Aplikasi',1,'2024-08-10 22:35:19'),(749,'6a390470-19c3-61aa-4907-d7ddb06ac1d6','t_aku','Logout','Desktop-Windows','Berhasil Melakukan Logout Aplikasi',1,'2024-08-10 22:35:54'),(750,'f9fee78e-59be-ed13-e371-77288c400749','t_aku','Login','Desktop-Windows','Berhasil Melakukan Login Aplikasi',1,'2024-08-10 22:38:24'),(751,'f9fee78e-59be-ed13-e371-77288c400749','t_aku','Logout','Desktop-Windows','Berhasil Melakukan Logout Aplikasi',1,'2024-08-10 22:38:30'),(752,'ea0af422-7a0c-1c28-b488-f21759d93b23','t_aku','Login','Desktop-Windows','Berhasil Melakukan Login Aplikasi',1,'2024-08-10 22:40:15'),(753,'ea0af422-7a0c-1c28-b488-f21759d93b23','t_aku','Logout','Desktop-Windows','Berhasil Melakukan Logout Aplikasi',1,'2024-08-10 22:40:31'),(754,'8d786422-ec55-2014-ac4c-b342881c1292','t_aku','Login','Desktop-Windows','Berhasil Melakukan Login Aplikasi',1,'2024-08-10 22:40:48'),(755,'3ddd798c-2c62-9ead-b032-ae209af9d97c','t_aku','Login','Desktop-Windows','Berhasil Melakukan Login Aplikasi',1,'2024-08-14 21:15:06'),(756,'43a0bfa6-a436-79fa-5a9b-f7b734e0b47f','t_aku','Login','Desktop-Windows','Berhasil Melakukan Login Aplikasi',1,'2024-08-17 14:48:16'),(757,'43a0bfa6-a436-79fa-5a9b-f7b734e0b47f','t_aku','Logout','Desktop-Windows','Berhasil Melakukan Logout Aplikasi',1,'2024-08-17 15:36:01'),(758,'babc2d54-ad95-beb1-4b0c-fd7b60bda4b8','t_aku','Login','Desktop-Windows','Berhasil Melakukan Login Aplikasi',1,'2024-08-17 15:40:04'),(759,'11f04cfe-1726-aa9c-0fc2-49446b6d1dde','t_aku','Login','Mobile-Android','Berhasil Melakukan Login Aplikasi',1,'2024-08-17 15:41:51'),(760,'a7004044-258d-ddab-ce36-8680b9823a77','t_aku','Login','Mobile-Android','Berhasil Melakukan Login Aplikasi',1,'2024-08-17 15:42:36'),(761,'babc2d54-ad95-beb1-4b0c-fd7b60bda4b8','t_aku','Logout','Desktop-Windows','Berhasil Melakukan Logout Aplikasi',1,'2024-08-17 15:42:56'),(762,'5a016ad9-b58f-a465-1266-b319465015da','t_aku','Login','Desktop-Windows','Berhasil Melakukan Login Aplikasi',1,'2024-08-17 15:43:03'),(763,'2dba79fd-2c8c-fd7a-fbc4-b5cd3b4ecefa','t_aku','Login','Desktop-Windows','Berhasil Melakukan Login Aplikasi',1,'2024-08-17 15:43:38'),(764,'5a016ad9-b58f-a465-1266-b319465015da','t_aku','Logout','Desktop-Windows','Berhasil Melakukan Logout Aplikasi',1,'2024-08-17 15:43:45'),(765,'7ffa91a0-59db-8af4-3178-6026a3894861','t_aku','Login','Mobile-Android','Berhasil Melakukan Login Aplikasi',1,'2024-08-17 15:44:09'),(766,'2dba79fd-2c8c-fd7a-fbc4-b5cd3b4ecefa','t_aku','Logout','Desktop-Windows','Berhasil Melakukan Logout Aplikasi',1,'2024-08-17 15:44:27'),(767,'c5ccfa1b-5c63-8f3e-988b-b2b2d629e651','t_aku','Login','Desktop-Windows','Berhasil Melakukan Login Aplikasi',1,'2024-08-17 15:44:40'),(768,'07ecb9a9-7fe4-142a-1486-341490b2bdcc','t_aku','Login','Mobile-Android','Berhasil Melakukan Login Aplikasi',1,'2024-08-17 15:45:13'),(769,'11ffe5b5-c02c-047a-3d12-f4d2dcac8568','t_aku','Login','Desktop-','Berhasil Melakukan Login Aplikasi',1,'2024-08-17 15:47:07'),(770,'7ee38e4c-1832-03d0-ab26-e2da4f981397','t_aku','Login','Desktop-','Berhasil Melakukan Login Aplikasi',1,'2024-08-17 15:51:40'),(771,'c226b4ba-d15c-1893-efd0-fd99eaeee341','t_aku','Login','Desktop-Windows','Berhasil Melakukan Login Aplikasi',1,'2024-08-17 16:00:05'),(772,NULL,NULL,'Logout','Desktop-Windows','Berhasil Melakukan Logout Aplikasi',1,'2024-08-17 16:00:09'),(773,'2c083f30-9fb9-93b7-3f63-fb1788a0ecb5','t_aku','Login','Desktop-','Berhasil Melakukan Login Aplikasi',1,'2024-08-17 16:00:26'),(774,'c226b4ba-d15c-1893-efd0-fd99eaeee341','t_aku','Logout','Desktop-Windows','Berhasil Melakukan Logout Aplikasi',1,'2024-08-17 16:00:30'),(775,NULL,'t_aku','Login','Desktop-','Berhasil Melakukan Login Aplikasi',1,'2024-08-17 16:01:43'),(776,'5733839d-0d75-d9f5-7c93-2186fa4a8ad0','t_aku','Login','Desktop-','Berhasil Melakukan Login Aplikasi',1,'2024-08-17 16:03:35'),(777,'904fdc72-1fdb-0c09-f2d3-1ddbe4252343','t_aku','Login','Desktop-Windows','Berhasil Melakukan Login Aplikasi',1,'2024-08-17 16:04:34'),(778,'5733839d-0d75-d9f5-7c93-2186fa4a8ad0','t_aku','Logout','Mobile-Android','Berhasil Melakukan Logout Aplikasi',1,'2024-08-17 16:04:40'),(779,'b0c0fdff-19da-6c6a-4ddc-f17fed4e5419','t_aku','Login','Desktop-Windows','Berhasil Melakukan Login Aplikasi',1,'2024-08-17 16:31:37'),(780,NULL,NULL,'Logout','Desktop-Windows','Berhasil Melakukan Logout Aplikasi',1,'2024-08-17 19:47:29'),(781,'8b042628-6119-b121-0b56-ccd2d06cf8c3','t_aku','Login','Desktop-Windows','Berhasil Melakukan Login Aplikasi',1,'2024-08-17 20:07:11'),(782,'a98063ec-4197-db9b-ba3c-c255a9e6f4ae','t_aku','Login','Desktop-Windows','Berhasil Melakukan Login Aplikasi',1,'2024-08-17 20:19:42'),(783,'8b042628-6119-b121-0b56-ccd2d06cf8c3','t_aku','Logout','Desktop-Windows','Berhasil Melakukan Logout Aplikasi',1,'2024-08-17 20:19:47'),(784,'e1ce21af-9ad1-f99f-4109-5e0fc07dbdd4','t_aku','Login','Desktop-Windows','Berhasil Melakukan Login Aplikasi',1,'2024-08-17 20:24:11'),(785,'899666c2-70ed-5b28-10c7-bda01d56a2d1','t_aku','Login','Desktop-Windows','Berhasil Melakukan Login Aplikasi',1,'2024-08-18 15:01:54'),(786,'a9b3e6df-5b1c-43c8-4051-17aadcfb95ae','t_aku','Login','Desktop-Windows','Berhasil Melakukan Login Aplikasi',1,'2024-08-18 15:06:53'),(787,'d5180330-d608-ff18-d00f-cf1e24905392','t_aku','Login','Desktop-Windows','Berhasil Melakukan Login Aplikasi',1,'2024-08-18 15:39:57'),(788,'c6922aef-8640-546a-642f-f2c78f1b5219','t_aku','Login','Desktop-Windows','Berhasil Melakukan Login Aplikasi',1,'2024-08-23 13:53:32'),(789,'22888165-40f4-1345-14ae-9b79a82890a3','t_aku','Login','Desktop-Windows','Berhasil Melakukan Login Aplikasi',1,'2024-10-06 13:16:30'),(790,'e1ad5644-4107-c4f7-f700-af2a3dc7facd','t_aku','Login','Desktop-Windows','Berhasil Melakukan Login Aplikasi',1,'2024-10-06 13:20:41'),(791,'e1ad5644-4107-c4f7-f700-af2a3dc7facd','t_aku','Transaksi','Desktop-Windows','Berhasil Melakukan Pembayaran Transaksi 73b97612-a42e-010a-4669-23a5b29d3e63',1,'2024-10-06 16:13:46'),(792,'e1ad5644-4107-c4f7-f700-af2a3dc7facd','t_aku','Transaksi','Desktop-Windows','Berhasil Melakukan Pembayaran Transaksi 73b97612-a42e-010a-4669-23a5b29d3e63',1,'2024-10-06 16:16:51'),(793,'e1ad5644-4107-c4f7-f700-af2a3dc7facd','t_aku','Transaksi','Desktop-Windows','Berhasil Melakukan Pembayaran Transaksi 73b97612-a42e-010a-4669-23a5b29d3e63',1,'2024-10-06 16:20:14'),(794,'e1ad5644-4107-c4f7-f700-af2a3dc7facd','t_aku','Transaksi','Desktop-Windows','Berhasil Melakukan Pembayaran Transaksi 73b97612-a42e-010a-4669-23a5b29d3e63',1,'2024-10-06 16:34:58'),(795,'713f317c-87f5-95f0-ee50-009316ece38d','t_aku','Login','Desktop-Windows','Berhasil Melakukan Login Aplikasi',1,'2024-10-06 21:01:37'),(796,'713f317c-87f5-95f0-ee50-009316ece38d','t_aku','Transaksi','Desktop-Windows','Berhasil Melakukan Pembayaran Transaksi c1413b61-a889-f7cd-65a7-b74a829fff1d',1,'2024-10-06 21:03:13'),(797,'713f317c-87f5-95f0-ee50-009316ece38d','t_aku','Transaksi','Desktop-Windows','Berhasil Melakukan Pembayaran Transaksi 73b97612-a42e-010a-4669-23a5b29d3e63',1,'2024-10-06 21:19:22'),(798,'713f317c-87f5-95f0-ee50-009316ece38d','t_aku','Transaksi','Desktop-Windows','Berhasil Melakukan Pembayaran Transaksi 73b97612-a42e-010a-4669-23a5b29d3e63',1,'2024-10-06 21:19:51'),(799,'713f317c-87f5-95f0-ee50-009316ece38d','t_aku','Transaksi','Desktop-Windows','Berhasil Melakukan Pembayaran Transaksi 73b97612-a42e-010a-4669-23a5b29d3e63',1,'2024-10-06 21:23:14'),(800,'713f317c-87f5-95f0-ee50-009316ece38d','t_aku','Transaksi','Desktop-Windows','Berhasil Melakukan Pembayaran Transaksi 73b97612-a42e-010a-4669-23a5b29d3e63',1,'2024-10-06 21:23:30'),(801,'1c77e783-4dd2-87c8-d918-a68172059287','t_aku','Login','Desktop-Windows','Berhasil Melakukan Login Aplikasi',1,'2024-10-08 10:35:03'),(802,'87adb7ca-2dbc-c3a3-4562-0f98e237b8f2','t_aku','Login','Desktop-Windows','Berhasil Melakukan Login Aplikasi',1,'2024-10-08 14:13:23'),(803,'119b6b93-b29b-5397-720c-762a561b3f6e','t_aku','Login','Desktop-Windows','Berhasil Melakukan Login Aplikasi',1,'2024-10-08 14:25:33'),(804,'5fdb0895-2a80-868e-7250-af9888f956b7','t_aku','Login','Desktop-Windows','Berhasil Melakukan Login Aplikasi',1,'2024-10-08 14:29:19'),(805,'8dff3cb5-8395-8b2a-71fe-bc8ff221d386','t_aku','Login','Desktop-Windows','Berhasil Melakukan Login Aplikasi',1,'2024-10-12 18:52:37'),(806,'8dff3cb5-8395-8b2a-71fe-bc8ff221d386','t_aku','Transaksi','Desktop-Windows','Berhasil Menambahkan Data Transaksi 3b359f28-b32e-f9b3-5c6c-cfac2386e5b6',1,'2024-10-12 18:54:25'),(807,'8dff3cb5-8395-8b2a-71fe-bc8ff221d386','t_aku','Transaksi','Desktop-Windows','Berhasil Menambahkan Data Produk Transaksi 3b359f28-b32e-f9b3-5c6c-cfac2386e5b6',1,'2024-10-12 18:54:37'),(808,'8dff3cb5-8395-8b2a-71fe-bc8ff221d386','t_aku','Transaksi','Desktop-Windows','Berhasil Menyimpan Data Produk Transaksi 3b359f28-b32e-f9b3-5c6c-cfac2386e5b6',1,'2024-10-12 18:54:45'),(809,'8dff3cb5-8395-8b2a-71fe-bc8ff221d386','t_aku','Transaksi','Desktop-Windows','Berhasil Memperbarui Data Produk Transaksi 3b359f28-b32e-f9b3-5c6c-cfac2386e5b6',1,'2024-10-12 18:55:13'),(810,'8dff3cb5-8395-8b2a-71fe-bc8ff221d386','t_aku','Logout','Desktop-Windows','Berhasil Melakukan Logout Aplikasi',1,'2024-10-12 18:56:38'),(811,NULL,'achmad_yo','Login','Desktop-Windows','Username dan Kata Sandi Tidak Sesuai',0,'2024-10-12 18:56:47'),(812,'dbf93d22-fa28-3caa-9288-35a9c71ca8dc','achmad_yo','Login','Desktop-Windows','Berhasil Melakukan Login Aplikasi',1,'2024-10-12 18:58:10'),(813,'75d8382a-61a9-26f8-6c43-77b5226f40b3','t_data','Login','Desktop-Windows','Berhasil Melakukan Login Aplikasi',1,'2024-10-12 18:59:45'),(814,'75d8382a-61a9-26f8-6c43-77b5226f40b3','t_data','Transaksi','Desktop-Windows','Berhasil Memperbarui Data Produk Transaksi 3b359f28-b32e-f9b3-5c6c-cfac2386e5b6',1,'2024-10-12 19:00:07'),(815,'dbf93d22-fa28-3caa-9288-35a9c71ca8dc','achmad_yo','Logout','Desktop-Windows','Berhasil Melakukan Logout Aplikasi',1,'2024-10-12 19:01:47'),(816,'f175b1a1-ca14-9934-7c1c-8ba0d32deaa5','t_aku','Login','Desktop-Windows','Berhasil Melakukan Login Aplikasi',1,'2024-10-12 19:02:02'),(817,'f175b1a1-ca14-9934-7c1c-8ba0d32deaa5','t_aku','Transaksi','Desktop-Windows','Berhasil Menambahkan Data Transaksi 9a0de7bf-ebc0-f47c-7841-b294aedcf793',1,'2024-10-12 19:21:21'),(818,'f175b1a1-ca14-9934-7c1c-8ba0d32deaa5','t_aku','Transaksi','Desktop-Windows','Berhasil Menambahkan Data Produk Transaksi 9a0de7bf-ebc0-f47c-7841-b294aedcf793',1,'2024-10-12 19:21:31'),(819,'f175b1a1-ca14-9934-7c1c-8ba0d32deaa5','t_aku','Transaksi','Desktop-Windows','Berhasil Melakukan Pembayaran Transaksi 9a0de7bf-ebc0-f47c-7841-b294aedcf793',1,'2024-10-12 19:21:43'),(820,'f175b1a1-ca14-9934-7c1c-8ba0d32deaa5','t_aku','Transaksi','Desktop-Windows','Berhasil Melakukan Pembayaran Transaksi 9a0de7bf-ebc0-f47c-7841-b294aedcf793',1,'2024-10-12 19:35:51'),(821,'f175b1a1-ca14-9934-7c1c-8ba0d32deaa5','t_aku','Transaksi','Desktop-Windows','Berhasil Melakukan Pembayaran Transaksi 9a0de7bf-ebc0-f47c-7841-b294aedcf793',1,'2024-10-12 19:46:24'),(822,'4cb56cea-7cc0-1721-0e7e-dee04281a892','t_aku','Login','Desktop-Windows','Berhasil Melakukan Login Aplikasi',1,'2024-10-12 20:00:38'),(823,'5d428e08-594e-a2e5-e58e-d81be6d938e5','t_aku','Login','Desktop-Windows','Berhasil Melakukan Login Aplikasi',1,'2024-10-12 20:23:14'),(824,'c5953627-a68c-f78c-1a39-3c52c3f461e1','achmad_yo','Login','Desktop-Windows','Berhasil Melakukan Login Aplikasi',1,'2024-10-12 20:24:01'),(825,'c5953627-a68c-f78c-1a39-3c52c3f461e1','achmad_yo','Logout','Desktop-Windows','Berhasil Melakukan Logout Aplikasi',1,'2024-10-12 20:24:19'),(826,'97319a5f-895b-4b19-1a59-bd40d6ce8e6a','t_data','Login','Desktop-Windows','Berhasil Melakukan Login Aplikasi',1,'2024-10-12 20:24:27'),(827,'0ba08f1d-ee87-93c6-7f77-78c247663dc5','achmad_yo','Login','Desktop-Windows','Berhasil Melakukan Login Aplikasi',1,'2024-10-12 20:32:46'),(828,'0ba08f1d-ee87-93c6-7f77-78c247663dc5','achmad_yo','Logout','Desktop-Windows','Berhasil Melakukan Logout Aplikasi',1,'2024-10-12 20:32:57'),(829,'a4ba9b46-b912-f44b-1b2e-58168fc57ffa','t_data','Login','Desktop-Windows','Berhasil Melakukan Login Aplikasi',1,'2024-10-12 20:33:03'),(830,'3a6346e1-5014-ec0c-52f5-8060411cf03d','t_aku','Login','Desktop-Windows','Berhasil Melakukan Login Aplikasi',1,'2024-10-14 09:03:35'),(831,'3a6346e1-5014-ec0c-52f5-8060411cf03d','t_aku','Logout','Desktop-Windows','Berhasil Melakukan Logout Aplikasi',1,'2024-10-14 09:05:00'),(832,'362a5fd7-5ca0-2ce7-35c9-19c607e6b0f5','achmad_yo','Login','Desktop-Windows','Berhasil Melakukan Login Aplikasi',1,'2024-10-14 09:05:07'),(833,'402a2c63-a00f-6140-1540-b239cac012d6','achmad_yo','Login','Desktop-Windows','Berhasil Melakukan Login Aplikasi',1,'2024-10-14 13:52:04'),(834,'402a2c63-a00f-6140-1540-b239cac012d6','achmad_yo','Logout','Desktop-Windows','Berhasil Melakukan Logout Aplikasi',1,'2024-10-14 13:52:32'),(835,'1a6289c7-d15c-dc37-749a-787f3efe977c','t_aku','Login','Desktop-Windows','Berhasil Melakukan Login Aplikasi',1,'2024-10-14 13:52:39'),(836,'1a6289c7-d15c-dc37-749a-787f3efe977c','t_aku','Logout','Desktop-Windows','Berhasil Melakukan Logout Aplikasi',1,'2024-10-14 14:26:42'),(837,NULL,'d_data','Login','Desktop-Windows','Username dan Kata Sandi Tidak Sesuai',0,'2024-10-14 14:26:49'),(838,'1a9fd64b-0722-fd77-2953-66066ffd15ef','achmad_yo','Login','Desktop-Windows','Berhasil Melakukan Login Aplikasi',1,'2024-10-14 14:26:57'),(839,'1a9fd64b-0722-fd77-2953-66066ffd15ef','achmad_yo','Logout','Desktop-Windows','Berhasil Melakukan Logout Aplikasi',1,'2024-10-14 14:27:12'),(840,'716c82ba-4357-2c27-fe27-4e9d74bd073e','t_data','Login','Desktop-Windows','Berhasil Melakukan Login Aplikasi',1,'2024-10-14 14:27:17'),(841,'716c82ba-4357-2c27-fe27-4e9d74bd073e','t_data','Logout','Desktop-Windows','Berhasil Melakukan Logout Aplikasi',1,'2024-10-14 14:35:12'),(842,'f1355ab2-0509-741d-032f-8872aa5fd9ec','t_aku','Login','Desktop-Windows','Berhasil Melakukan Login Aplikasi',1,'2024-10-14 14:35:21'),(843,'825b4fd4-a70e-6dee-0fd8-d16745c88c2b','achmad_yo','Login','Desktop-Windows','Berhasil Melakukan Login Aplikasi',1,'2024-10-16 23:43:53'),(844,'4128ff0f-d570-a33d-9d93-6dc156a761e4','t_aku','Login','Desktop-Windows','Berhasil Melakukan Login Aplikasi',1,'2024-10-30 08:02:15'),(845,'4128ff0f-d570-a33d-9d93-6dc156a761e4','t_aku','Logout','Desktop-Windows','Berhasil Melakukan Logout Aplikasi',1,'2024-10-30 08:02:43'),(846,NULL,'achmad_y.p','Login','Desktop-Windows','Username dan Kata Sandi Tidak Sesuai',0,'2024-10-30 08:03:02'),(847,'231b9dd7-3d30-94e3-4a10-5a89ac4896c1','achmad_yo','Login','Desktop-Windows','Berhasil Melakukan Login Aplikasi',1,'2024-10-30 08:03:12'),(848,'231b9dd7-3d30-94e3-4a10-5a89ac4896c1','achmad_yo','Logout','Desktop-Windows','Berhasil Melakukan Logout Aplikasi',1,'2024-10-30 08:03:53'),(849,'648d2ec1-ee2b-fa94-bc7e-0452cb27d41f','milladia_u','Login','Desktop-Windows','Berhasil Melakukan Login Aplikasi',1,'2024-10-30 08:03:59'),(850,'64ceff74-dc1b-158a-6a37-cf2c50d620ff','achmad_yo','Login','Desktop-Windows','Berhasil Melakukan Login Aplikasi',1,'2024-11-09 09:23:00'),(851,'64ceff74-dc1b-158a-6a37-cf2c50d620ff','achmad_yo','Logout','Desktop-Windows','Berhasil Melakukan Logout Aplikasi',1,'2024-11-09 09:23:40'),(852,'3f06defa-1207-69fc-8726-a2f1a5a7cdf5','milladia_u','Login','Desktop-Windows','Berhasil Melakukan Login Aplikasi',1,'2024-11-09 09:23:45'),(853,'90ead363-4429-7be1-ea6a-22594ec9107a','milladia_u','Login','Desktop-Windows','Berhasil Melakukan Login Aplikasi',1,'2024-11-09 19:36:50'),(854,'87f95045-ea15-f3da-3a35-3486285c222c','milladia_u','Login','Desktop-Windows','Berhasil Melakukan Login Aplikasi',1,'2024-11-09 19:47:16'),(855,NULL,'milladia_u','Login','Desktop-Windows','Username dan Kata Sandi Tidak Sesuai',0,'2024-11-10 19:31:59'),(856,'5eb65727-2916-4402-17a2-41b4e1847891','milladia_u','Login','Desktop-Windows','Berhasil Melakukan Login Aplikasi',1,'2024-11-10 19:32:08'),(857,'ef58ec8b-2461-88f9-1b49-83182bb13657','achmad_yo','Login','Desktop-Windows','Berhasil Melakukan Login Aplikasi',1,'2024-11-30 20:39:07'),(858,'62196fdd-1495-7ee2-2fb0-3798e7ad4445','achmad_yo','Login','Desktop-Windows','Berhasil Melakukan Login Aplikasi',1,'2024-11-30 20:45:36'),(859,'ef58ec8b-2461-88f9-1b49-83182bb13657','achmad_yo','Logout','Desktop-Windows','Berhasil Melakukan Logout Aplikasi',1,'2024-11-30 21:11:15'),(860,'43e81f9f-05e5-77e0-6f26-79b51e6440c8','milladia_u','Login','Desktop-Windows','Berhasil Melakukan Login Aplikasi',1,'2024-11-30 21:11:22'),(861,'7f1a43ae-e7df-7515-1d5f-a3eb9344bb29','milladia_u','Login','Desktop-Windows','Berhasil Melakukan Login Aplikasi',1,'2024-11-30 21:42:49'),(862,'9742e94b-9a97-5b4b-485e-67b3cfa1b6f6','milladia_u','Login','Desktop-Windows','Berhasil Melakukan Login Aplikasi',1,'2024-12-01 13:27:33'),(863,'395f56a9-a160-dbca-2077-35de435c9373','milladia_u','Login','Desktop-Windows','Berhasil Melakukan Login Aplikasi',1,'2024-12-01 13:31:08'),(864,NULL,'milladia_u','Login','Desktop-Windows','Username dan Kata Sandi Tidak Sesuai',0,'2024-12-01 21:53:06'),(865,'4a97628b-5383-e0e2-96db-145e8f33ad35','milladia_u','Login','Desktop-Windows','Berhasil Melakukan Login Aplikasi',1,'2024-12-01 21:53:16'),(866,'5ddf9971-e98e-9fc4-ae64-8e62d59ff8be','milladia_u','Login','Desktop-Windows','Berhasil Melakukan Login Aplikasi',1,'2024-12-08 14:50:32'),(867,'9a4c3d86-6b64-2c7c-2fa5-c5c5d166fc20','milladia_u','Login','Desktop-Windows','Berhasil Melakukan Login Aplikasi',1,'2024-12-08 14:53:50'),(868,'165b6e43-09e5-736f-78d4-ea254021faf8','milladia_u','Login','Desktop-Windows','Berhasil Melakukan Login Aplikasi',1,'2024-12-20 22:22:09'),(869,'32ca55b0-67c1-3cb0-88e2-8a7927172926','milladia_u','Login','Desktop-','Berhasil Melakukan Login Aplikasi',1,'2024-12-20 22:46:45'),(870,NULL,NULL,'Logout','Desktop-Windows','Berhasil Melakukan Logout Aplikasi',1,'2024-12-23 10:19:57'),(871,'cb9a98bc-15c9-30d6-f349-799aa3aa8921','milladia_u','Login','Desktop-','Berhasil Melakukan Login Aplikasi',1,'2024-12-23 10:20:16'),(872,'78bd6894-3e8b-b1bf-6f1d-7e431b0abf08','achmad_yo','Login','Desktop-Windows','Berhasil Melakukan Login Aplikasi',1,'2024-12-23 10:21:13'),(873,'78bd6894-3e8b-b1bf-6f1d-7e431b0abf08','achmad_yo','Logout','Desktop-Windows','Berhasil Melakukan Logout Aplikasi',1,'2024-12-23 10:22:31'),(874,'ccab2fad-1bb4-00de-41a7-f583f85d126a','mustakim','Login','Desktop-Windows','Berhasil Melakukan Login Aplikasi',1,'2024-12-23 10:22:37'),(875,'ccab2fad-1bb4-00de-41a7-f583f85d126a','mustakim','Logout','Desktop-Windows','Berhasil Melakukan Logout Aplikasi',1,'2024-12-23 10:32:37'),(876,'9d7eee3e-ab44-fdfe-7dbc-fb3230738463','milladia_u','Login','Desktop-Windows','Berhasil Melakukan Login Aplikasi',1,'2024-12-23 10:32:47'),(877,'21ec9521-a702-59ad-b9db-c09cc395937b','milladia_u','Login','Desktop-','Berhasil Melakukan Login Aplikasi',1,'2024-12-28 21:55:09'),(878,'fb0464c7-1729-3cd9-40cf-418a1e8eb2ec','milladia_u','Login','Desktop-Windows','Berhasil Melakukan Login Aplikasi',1,'2024-12-28 21:56:05'),(879,'9ff8012f-a493-2f4e-f8a9-b5413e8d9919','milladia_u','Login','Desktop-','Berhasil Melakukan Login Aplikasi',1,'2024-12-28 22:30:24'),(880,'fb0464c7-1729-3cd9-40cf-418a1e8eb2ec','milladia_u','Logout','Desktop-Windows','Berhasil Melakukan Logout Aplikasi',1,'2024-12-28 22:33:29'),(881,'a84b418c-2cb9-edec-ec76-5ada370b0d7e','milladia_u','Login','Desktop-Windows','Berhasil Melakukan Login Aplikasi',1,'2024-12-28 22:33:42'),(882,'5819bacc-fcb1-4060-fd2b-10485e78ba60','milladia_u','Login','Desktop-Windows','Berhasil Melakukan Login Aplikasi',1,'2024-12-29 18:53:59'),(883,'4f284139-1027-c38d-e625-8e7b0925bcdb','milladia_u','Login','Desktop-','Berhasil Melakukan Login Aplikasi',1,'2024-12-29 19:04:53'),(884,'45fbb7fc-f34c-0861-f338-2b22c2ec4c68','milladia_u','Login','Desktop-Windows','Berhasil Melakukan Login Aplikasi',1,'2025-01-01 21:16:20'),(885,'45fbb7fc-f34c-0861-f338-2b22c2ec4c68','milladia_u','Logout','Desktop-Windows','Berhasil Melakukan Logout Aplikasi',1,'2025-01-01 21:16:29'),(886,'7914638a-1da3-971d-81b8-e5314525f29f','achmad_yo','Login','Desktop-Windows','Berhasil Melakukan Login Aplikasi',1,'2025-01-01 21:16:37'),(887,'7914638a-1da3-971d-81b8-e5314525f29f','achmad_yo','Logout','Desktop-Windows','Berhasil Melakukan Logout Aplikasi',1,'2025-01-01 21:23:05'),(888,'59879c3d-d9f3-2a55-21c0-d5549d59e6a4','milladia_u','Login','Desktop-Windows','Berhasil Melakukan Login Aplikasi',1,'2025-01-01 21:23:14'),(889,'dcf3f595-d87a-6714-0589-03949f935082','milladia_u','Login','Desktop-Windows','Berhasil Melakukan Login Aplikasi',1,'2025-01-04 17:09:57'),(890,'6210bcb0-541e-f0a4-ea81-018f81bfdb07','milladia_u','Login','Desktop-Windows','Berhasil Melakukan Login Aplikasi',1,'2025-01-04 20:57:51'),(891,'f7ed2dee-1991-f0f4-cd42-603019e645ea','milladia_u','Login','Desktop-','Berhasil Melakukan Login Aplikasi',1,'2025-01-04 20:59:43'),(892,'84246f02-dcd1-3559-3680-0fd971609699','milladia_u','Login','Desktop-Windows','Berhasil Melakukan Login Aplikasi',1,'2025-01-04 22:07:06'),(893,'b001a689-23c2-831a-528b-6e530148f168','milladia_u','Login','Desktop-Windows','Berhasil Melakukan Login Aplikasi',1,'2025-01-04 23:51:29'),(894,'7f044d34-5eff-7261-4571-53dc6e8b7eb4','milladia_u','Login','Desktop-Windows','Berhasil Melakukan Login Aplikasi',1,'2025-01-05 15:01:32'),(895,'f63ed495-0627-80eb-35aa-7dd42bae691e','milladia_u','Login','Desktop-Windows','Berhasil Melakukan Login Aplikasi',1,'2025-01-06 14:54:12'),(896,'f63ed495-0627-80eb-35aa-7dd42bae691e','milladia_u','Logout','Desktop-Windows','Berhasil Melakukan Logout Aplikasi',1,'2025-01-06 15:01:17'),(897,'e0138834-10af-b059-a81d-b2b7fb18f206','t_aku','Login','Desktop-Windows','Berhasil Melakukan Login Aplikasi',1,'2025-01-06 15:01:24'),(898,'e0138834-10af-b059-a81d-b2b7fb18f206','t_aku','Transaksi','Desktop-Windows','Berhasil Menambahkan Data Transaksi 863de6b9-ac96-087e-a018-f6dfb1a1832c',1,'2025-01-06 15:01:42'),(899,'e0138834-10af-b059-a81d-b2b7fb18f206','t_aku','Transaksi','Desktop-Windows','Berhasil Menambahkan Data Produk Transaksi 863de6b9-ac96-087e-a018-f6dfb1a1832c',1,'2025-01-06 15:01:53'),(900,'e0138834-10af-b059-a81d-b2b7fb18f206','t_aku','Transaksi','Desktop-Windows','Berhasil Melakukan Pembayaran Transaksi 863de6b9-ac96-087e-a018-f6dfb1a1832c',1,'2025-01-06 15:02:50'),(901,'8cf9a21f-5830-2f9d-cadd-ba0ef628cd9d','milladia_u','Login','Desktop-Windows','Berhasil Melakukan Login Aplikasi',1,'2025-01-06 15:05:15'),(902,'8cf9a21f-5830-2f9d-cadd-ba0ef628cd9d','milladia_u','Logout','Desktop-Windows','Berhasil Melakukan Logout Aplikasi',1,'2025-01-06 15:10:06'),(903,'dbc20f7f-593c-238a-cf48-ab24e2f219c8','achmad_yo','Login','Desktop-Windows','Berhasil Melakukan Login Aplikasi',1,'2025-01-06 15:10:21'),(904,'dbc20f7f-593c-238a-cf48-ab24e2f219c8','achmad_yo','Produk','Desktop-Windows','Berhasil Menambahkan Stok Produk',1,'2025-01-06 15:11:32'),(905,'dbc20f7f-593c-238a-cf48-ab24e2f219c8','achmad_yo','Produk','Desktop-Windows','Berhasil Menambahkan Stok Produk',1,'2025-01-06 15:11:44'),(906,'e0138834-10af-b059-a81d-b2b7fb18f206','t_aku','Transaksi','Desktop-Windows','Berhasil Menambahkan Data Transaksi 56c56662-bbd6-6ce9-7319-ac61f73ca354',1,'2025-01-06 15:12:45'),(907,'e0138834-10af-b059-a81d-b2b7fb18f206','t_aku','Transaksi','Desktop-Windows','Berhasil Menambahkan Data Produk Transaksi 56c56662-bbd6-6ce9-7319-ac61f73ca354',1,'2025-01-06 15:15:27'),(908,'e0138834-10af-b059-a81d-b2b7fb18f206','t_aku','Transaksi','Desktop-Windows','Berhasil Menambahkan Data Produk Transaksi 56c56662-bbd6-6ce9-7319-ac61f73ca354',1,'2025-01-06 15:15:57'),(909,'e0138834-10af-b059-a81d-b2b7fb18f206','t_aku','Transaksi','Desktop-Windows','Berhasil Melakukan Pembayaran Transaksi 56c56662-bbd6-6ce9-7319-ac61f73ca354',1,'2025-01-06 16:06:51'),(910,'dbc20f7f-593c-238a-cf48-ab24e2f219c8','achmad_yo','Logout','Desktop-Windows','Berhasil Melakukan Logout Aplikasi',1,'2025-01-06 16:07:01'),(911,'eb82477e-991d-a108-9f4e-598438200307','milladia_u','Login','Desktop-Windows','Berhasil Melakukan Login Aplikasi',1,'2025-01-06 16:07:31'),(912,'eb82477e-991d-a108-9f4e-598438200307','milladia_u','Transaksi','Desktop-Windows','Berhasil Melakukan Pembayaran Transaksi 56c56662-bbd6-6ce9-7319-ac61f73ca354',1,'2025-01-06 16:19:53'),(913,'eb82477e-991d-a108-9f4e-598438200307','milladia_u','Transaksi','Mobile-Android','Berhasil Melakukan Pembayaran Transaksi 56c56662-bbd6-6ce9-7319-ac61f73ca354',1,'2025-01-06 16:21:34'),(914,'249ea19e-80d2-fa01-5602-b21ba3a1104c','milladia_u','Login','Desktop-Windows','Berhasil Melakukan Login Aplikasi',1,'2025-01-07 08:35:57'),(915,'ae13f656-56bf-d20d-1869-e79a643b78f5','milladia_u','Login','Desktop-','Berhasil Melakukan Login Aplikasi',1,'2025-01-07 14:58:56'),(916,'f89b0944-1100-a2f7-ffe8-aaa4a7bc776f','milladia_u','Login','Desktop-Windows','Berhasil Melakukan Login Aplikasi',1,'2025-01-07 15:11:24'),(917,'6e7d19e4-f70f-a7ca-a6a9-13ad19fa6ff0','milladia_u','Login','Mobile-Android','Berhasil Melakukan Login Aplikasi',1,'2025-01-07 15:52:24'),(918,NULL,NULL,'Logout','Desktop-Windows','Berhasil Melakukan Logout Aplikasi',1,'2025-01-08 13:57:08'),(919,'03b906a8-11c4-7b3e-d3e0-98fb3692efcd','achmad_yo','Login','Desktop-Windows','Berhasil Melakukan Login Aplikasi',1,'2025-01-08 13:57:17'),(920,'03b906a8-11c4-7b3e-d3e0-98fb3692efcd','achmad_yo','Logout','Desktop-Windows','Berhasil Melakukan Logout Aplikasi',1,'2025-01-08 13:57:59'),(921,'9ee92cd8-f15a-4cd4-9d6a-d7793a220fbd','milladia_u','Login','Desktop-Windows','Berhasil Melakukan Login Aplikasi',1,'2025-01-08 13:58:11'),(922,'9071fa69-df26-2a43-319b-d103e48a24e5','milladia_u','Login','Desktop-Windows','Berhasil Melakukan Login Aplikasi',1,'2025-01-10 09:56:58'),(923,'ec05fe2a-5510-24f0-5ee6-4d05cb9c5b5f','milladia_u','Login','Desktop-Windows','Berhasil Melakukan Login Aplikasi',1,'2025-01-10 13:53:07'),(924,'bff694cf-623f-03d8-0565-d011fbcf8c28','achmad_yo','Login','Desktop-Windows','Berhasil Melakukan Login Aplikasi',1,'2025-01-10 13:57:28'),(925,'bff694cf-623f-03d8-0565-d011fbcf8c28','achmad_yo','Logout','Desktop-Windows','Berhasil Melakukan Logout Aplikasi',1,'2025-01-10 13:58:20'),(926,'08d10b6e-047a-42eb-b3ba-b35486d68564','t_aku','Login','Desktop-Windows','Berhasil Melakukan Login Aplikasi',1,'2025-01-10 13:58:26'),(927,'d15a2b37-f234-7b1a-78f8-9f62c7e8891e','milladia_u','Login','Desktop-Windows','Berhasil Melakukan Login Aplikasi',1,'2025-01-11 21:55:29'),(928,'16c6f353-a528-0cc5-5934-22aea5ff6d1e','milladia_u','Login','Desktop-Windows','Berhasil Melakukan Login Aplikasi',1,'2025-01-12 06:58:34'),(929,'16820ccf-e9fb-4441-03c3-f999bb527732','milladia_u','Login','Desktop-Windows','Berhasil Melakukan Login Aplikasi',1,'2025-01-12 11:24:04'),(930,'16820ccf-e9fb-4441-03c3-f999bb527732','milladia_u','Logout','Desktop-Windows','Berhasil Melakukan Logout Aplikasi',1,'2025-01-12 11:47:10'),(931,'e020dde4-f8d5-3907-20ef-910147681dee','achmad_yo','Login','Desktop-Windows','Berhasil Melakukan Login Aplikasi',1,'2025-01-12 11:47:24'),(932,'a3339a72-dece-7527-2a34-44df660e9eaa','milladia_u','Login','Desktop-Windows','Berhasil Melakukan Login Aplikasi',1,'2025-01-12 11:49:57'),(933,'c536b4a4-06ac-97fc-ed70-e690baf57e23','milladia_u','Login','Mobile-Android','Berhasil Melakukan Login Aplikasi',1,'2025-01-12 11:55:31'),(934,'f6457a1d-00a4-e3f5-a7ab-b3087d650d8e','milladia_u','Login','Mobile-Android','Berhasil Melakukan Login Aplikasi',1,'2025-01-12 11:55:33'),(935,'a3339a72-dece-7527-2a34-44df660e9eaa','milladia_u','Logout','Desktop-Windows','Berhasil Melakukan Logout Aplikasi',1,'2025-01-12 11:56:09'),(936,'e020dde4-f8d5-3907-20ef-910147681dee','achmad_yo','Logout','Desktop-Windows','Berhasil Melakukan Logout Aplikasi',1,'2025-01-12 12:04:48'),(937,'41ebfb52-4b37-f352-ed49-302637706b87','carudi','Login','Desktop-Windows','Berhasil Melakukan Login Aplikasi',1,'2025-01-12 12:04:55'),(938,'e96dabda-f2af-a85d-2f5f-81f68fb1f2e8','carudi','Login','Desktop-','Berhasil Melakukan Login Aplikasi',1,'2025-01-12 12:07:20'),(939,NULL,NULL,'Logout','Desktop-Windows','Berhasil Melakukan Logout Aplikasi',1,'2025-01-12 13:19:59'),(940,'7463173a-f24f-dd0a-8fe1-06dc0e47de53','milladia_u','Login','Desktop-Windows','Berhasil Melakukan Login Aplikasi',1,'2025-01-12 13:20:10'),(941,'7463173a-f24f-dd0a-8fe1-06dc0e47de53','milladia_u','Logout','Desktop-Windows','Berhasil Melakukan Logout Aplikasi',1,'2025-01-12 13:30:00'),(942,'1f668937-f431-11e6-af22-8cf7a189e406','achmad_yo','Login','Desktop-Windows','Berhasil Melakukan Login Aplikasi',1,'2025-01-12 13:30:10'),(943,'1f668937-f431-11e6-af22-8cf7a189e406','achmad_yo','Logout','Desktop-Windows','Berhasil Melakukan Logout Aplikasi',1,'2025-01-12 13:33:37'),(944,'9c85e655-4f71-4871-71f5-e38911392294','carudi','Login','Desktop-Windows','Berhasil Melakukan Login Aplikasi',1,'2025-01-12 13:33:45'),(945,'2af64796-08ac-d774-7b81-4f65f79f254e','achmad_yo','Login','Desktop-Windows','Berhasil Melakukan Login Aplikasi',1,'2025-01-12 13:38:57'),(946,'68b8f28b-b726-e741-7de2-361357491027','achmad_yo','Login','Desktop-Windows','Berhasil Melakukan Login Aplikasi',1,'2025-01-14 08:46:00'),(947,'25d9984b-da36-a994-cf8c-3a4c742b7ce6','achmad_yo','Login','Desktop-Windows','Berhasil Melakukan Login Aplikasi',1,'2025-01-16 09:47:57'),(948,'25d9984b-da36-a994-cf8c-3a4c742b7ce6','achmad_yo','Produk','Desktop-Windows','Berhasil Memperbarui Data Produk',1,'2025-01-16 09:48:50'),(949,'25d9984b-da36-a994-cf8c-3a4c742b7ce6','achmad_yo','Produk','Desktop-Windows','Berhasil Menambahkan Stok Produk',1,'2025-01-16 10:28:45'),(950,'25d9984b-da36-a994-cf8c-3a4c742b7ce6','achmad_yo','Produk','Desktop-Windows','Berhasil Memperbarui Data Produk',1,'2025-01-16 10:30:24'),(951,'25d9984b-da36-a994-cf8c-3a4c742b7ce6','achmad_yo','Produk','Desktop-Windows','Berhasil Memperbarui Data Produk',1,'2025-01-16 10:34:44'),(952,'25d9984b-da36-a994-cf8c-3a4c742b7ce6','achmad_yo','Logout','Desktop-Windows','Berhasil Melakukan Logout Aplikasi',1,'2025-01-16 10:58:18'),(953,'17ecc8da-33b5-5777-a017-3523ef9321b1','carudi','Login','Desktop-Windows','Berhasil Melakukan Login Aplikasi',1,'2025-01-16 10:58:26'),(954,'faa03805-9a23-916f-0e7c-b472a086e566','carudi','Login','Desktop-Windows','Berhasil Melakukan Login Aplikasi',1,'2025-01-16 14:07:13'),(955,'1344069b-7ef5-0d04-3cef-a1b3222d3acd','carudi','Login','Desktop-Windows','Berhasil Melakukan Login Aplikasi',1,'2025-01-19 14:53:17'),(956,'76d17701-4b95-7073-2ce7-841a9b06f4df','carudi','Login','Desktop-','Berhasil Melakukan Login Aplikasi',1,'2025-01-19 14:54:14'),(957,'1344069b-7ef5-0d04-3cef-a1b3222d3acd','carudi','Logout','Desktop-Windows','Berhasil Melakukan Logout Aplikasi',1,'2025-01-19 14:56:25'),(958,'f92468a9-2e9d-dca0-9b48-453fa3e7d597','carudi','Login','Desktop-Windows','Berhasil Melakukan Login Aplikasi',1,'2025-01-19 14:56:31'),(959,'d3443d3b-6be4-4765-47d9-6b68ced6124b','t_aku','Login','Desktop-Windows','Berhasil Melakukan Login Aplikasi',1,'2025-01-19 16:05:46'),(960,'d3443d3b-6be4-4765-47d9-6b68ced6124b','t_aku','Transaksi','Desktop-Windows','Berhasil Menambahkan Data Transaksi d30ad06e-0ace-aeb7-baf6-cd2076ebd654',1,'2025-01-19 16:05:52'),(961,'d3443d3b-6be4-4765-47d9-6b68ced6124b','t_aku','Transaksi','Desktop-Windows','Berhasil Menambahkan Data Produk Transaksi d30ad06e-0ace-aeb7-baf6-cd2076ebd654',1,'2025-01-19 16:05:58'),(962,'d3443d3b-6be4-4765-47d9-6b68ced6124b','t_aku','Transaksi','Desktop-Windows','Berhasil Melakukan Pembayaran Transaksi d30ad06e-0ace-aeb7-baf6-cd2076ebd654',1,'2025-01-19 16:06:12'),(963,'d3443d3b-6be4-4765-47d9-6b68ced6124b','t_aku','Transaksi','Desktop-Windows','Berhasil Menambahkan Data Transaksi d28c17c0-9e66-94c9-cb58-e25f42583031',1,'2025-01-19 16:15:10'),(964,'d3443d3b-6be4-4765-47d9-6b68ced6124b','t_aku','Transaksi','Desktop-Windows','Berhasil Menambahkan Data Produk Transaksi d28c17c0-9e66-94c9-cb58-e25f42583031',1,'2025-01-19 16:15:18'),(965,'d3443d3b-6be4-4765-47d9-6b68ced6124b','t_aku','Transaksi','Desktop-Windows','Berhasil Melakukan Pembayaran Transaksi d28c17c0-9e66-94c9-cb58-e25f42583031',1,'2025-01-19 16:15:43'),(966,'a60dbdad-4fd9-1cd1-1f94-bba683c0019c','achmad_yo','Login','Desktop-Windows','Berhasil Melakukan Login Aplikasi',1,'2025-01-21 09:06:57'),(967,'a60dbdad-4fd9-1cd1-1f94-bba683c0019c','achmad_yo','Produk','Desktop-Windows','Berhasil Menambahkan Stok Produk',1,'2025-01-21 09:07:33'),(968,'a60dbdad-4fd9-1cd1-1f94-bba683c0019c','achmad_yo','Produk','Desktop-Windows','Berhasil Menambahkan Stok Produk',1,'2025-01-21 09:07:59'),(969,'a60dbdad-4fd9-1cd1-1f94-bba683c0019c','achmad_yo','Logout','Desktop-Windows','Berhasil Melakukan Logout Aplikasi',1,'2025-01-21 09:08:15'),(970,'9f10ebad-3771-fbaf-7483-fb2e8254ec80','carudi','Login','Desktop-Windows','Berhasil Melakukan Login Aplikasi',1,'2025-01-21 09:08:24'),(971,'9cf46dc6-1980-ab3d-4544-61b183fda76b','t_aku','Login','Desktop-Windows','Berhasil Melakukan Login Aplikasi',1,'2025-01-21 09:09:16'),(972,'9cf46dc6-1980-ab3d-4544-61b183fda76b','t_aku','Transaksi','Desktop-Windows','Berhasil Menambahkan Data Transaksi 72e82e70-d2af-188b-37a4-c10dcc2789a3',1,'2025-01-21 09:09:36'),(973,'9f10ebad-3771-fbaf-7483-fb2e8254ec80','carudi','Logout','Desktop-Windows','Berhasil Melakukan Logout Aplikasi',1,'2025-01-21 09:13:25'),(974,'1a3df5cb-fe53-606c-bb0d-d2632a4817d1','achmad_yo','Login','Desktop-Windows','Berhasil Melakukan Login Aplikasi',1,'2025-01-21 09:14:14'),(975,'1a3df5cb-fe53-606c-bb0d-d2632a4817d1','achmad_yo','Produk','Desktop-Windows','Berhasil Menambahkan Stok Produk',1,'2025-01-21 09:14:47'),(976,'1a3df5cb-fe53-606c-bb0d-d2632a4817d1','achmad_yo','Produk','Desktop-Windows','Berhasil Menambahkan Stok Produk',1,'2025-01-21 09:16:37'),(977,'1a3df5cb-fe53-606c-bb0d-d2632a4817d1','achmad_yo','Produk','Desktop-Windows','Berhasil Menambahkan Stok Produk',1,'2025-01-21 09:52:16'),(978,'1a3df5cb-fe53-606c-bb0d-d2632a4817d1','achmad_yo','Logout','Desktop-Windows','Berhasil Melakukan Logout Aplikasi',1,'2025-01-21 09:52:26'),(979,'8c35dc06-cfce-399d-5e7f-5e6300179b3f','t_aku','Login','Desktop-Windows','Berhasil Melakukan Login Aplikasi',1,'2025-01-21 09:52:35'),(980,'8c35dc06-cfce-399d-5e7f-5e6300179b3f','t_aku','Transaksi','Desktop-Windows','Berhasil Menambahkan Data Produk Transaksi 72e82e70-d2af-188b-37a4-c10dcc2789a3',1,'2025-01-21 09:52:45'),(981,'8c35dc06-cfce-399d-5e7f-5e6300179b3f','t_aku','Transaksi','Desktop-Windows','Berhasil Memperbarui Data Produk Transaksi 72e82e70-d2af-188b-37a4-c10dcc2789a3',1,'2025-01-21 09:53:01'),(982,'8c35dc06-cfce-399d-5e7f-5e6300179b3f','t_aku','Transaksi','Desktop-Windows','Berhasil Melakukan Pembayaran Transaksi 72e82e70-d2af-188b-37a4-c10dcc2789a3',1,'2025-01-21 09:53:23'),(983,'9cf46dc6-1980-ab3d-4544-61b183fda76b','t_aku','Logout','Desktop-Windows','Berhasil Melakukan Logout Aplikasi',1,'2025-01-21 09:53:42'),(984,'d9d0446c-c706-0e8b-f0fa-94a5d9a9a0df','carudi','Login','Desktop-Windows','Berhasil Melakukan Login Aplikasi',1,'2025-01-21 09:53:49'),(985,'8c35dc06-cfce-399d-5e7f-5e6300179b3f','t_aku','Transaksi','Desktop-Windows','Berhasil Menambahkan Data Transaksi b891db3d-5429-b3f7-6e51-f3e0747589ce',1,'2025-01-21 09:56:27'),(986,'d9d0446c-c706-0e8b-f0fa-94a5d9a9a0df','carudi','Logout','Desktop-Windows','Berhasil Melakukan Logout Aplikasi',1,'2025-01-21 09:56:37'),(987,'fce695c0-6597-bd9e-660a-df81ca979234','milladia_u','Login','Desktop-Windows','Berhasil Melakukan Login Aplikasi',1,'2025-01-21 09:56:45'),(988,'fce695c0-6597-bd9e-660a-df81ca979234','milladia_u','Logout','Desktop-Windows','Berhasil Melakukan Logout Aplikasi',1,'2025-01-21 10:00:30'),(989,'072bd5a5-cd56-ef80-07c4-be9feb442d69','achmad_yo','Login','Desktop-Windows','Berhasil Melakukan Login Aplikasi',1,'2025-01-21 10:00:39'),(990,'072bd5a5-cd56-ef80-07c4-be9feb442d69','achmad_yo','Logout','Desktop-Windows','Berhasil Melakukan Logout Aplikasi',1,'2025-01-21 10:01:01'),(991,'b12d2502-54ea-ed89-952f-0a053dadd23e','milladia_u','Login','Desktop-Windows','Berhasil Melakukan Login Aplikasi',1,'2025-01-21 10:01:16'),(992,'4508d818-0d16-1ec5-ac22-bed9902d7b7b','t_aku','Login','Desktop-Windows','Berhasil Melakukan Login Aplikasi',1,'2025-01-23 14:25:30'),(993,'4508d818-0d16-1ec5-ac22-bed9902d7b7b','t_aku','Transaksi','Desktop-Windows','Berhasil Menambahkan Data Produk Transaksi b891db3d-5429-b3f7-6e51-f3e0747589ce',1,'2025-01-23 14:34:17'),(994,'4508d818-0d16-1ec5-ac22-bed9902d7b7b','t_aku','Logout','Desktop-Windows','Berhasil Melakukan Logout Aplikasi',1,'2025-01-23 14:38:33'),(995,'21279212-ccad-9c39-7b77-29c3e641310b','carudi','Login','Desktop-Windows','Berhasil Melakukan Login Aplikasi',1,'2025-01-23 14:38:43'),(996,'2e8559ae-2701-11a6-1df9-265bd3d0ddf0','carudi','Login','Desktop-Windows','Berhasil Melakukan Login Aplikasi',1,'2025-01-24 14:52:11'),(997,'2e8559ae-2701-11a6-1df9-265bd3d0ddf0','carudi','Logout','Desktop-Windows','Berhasil Melakukan Logout Aplikasi',1,'2025-01-24 16:36:24'),(998,'ad066421-d9df-98b3-d731-ebb61f8e5bd9','achmad_yo','Login','Desktop-Windows','Berhasil Melakukan Login Aplikasi',1,'2025-01-24 16:36:32'),(999,'ad066421-d9df-98b3-d731-ebb61f8e5bd9','achmad_yo','Logout','Desktop-Windows','Berhasil Melakukan Logout Aplikasi',1,'2025-01-24 16:45:56'),(1000,'86593d67-de69-bd03-eac9-cc899ea0f44d','carudi','Login','Desktop-Windows','Berhasil Melakukan Login Aplikasi',1,'2025-01-24 16:46:03'),(1001,'86593d67-de69-bd03-eac9-cc899ea0f44d','carudi','Logout','Desktop-Windows','Berhasil Melakukan Logout Aplikasi',1,'2025-01-24 16:46:11'),(1002,'10efd698-32c9-f301-4a39-9c69dba3e459','milladia_u','Login','Desktop-Windows','Berhasil Melakukan Login Aplikasi',1,'2025-01-24 16:46:19'),(1003,'10efd698-32c9-f301-4a39-9c69dba3e459','milladia_u','Logout','Desktop-Windows','Berhasil Melakukan Logout Aplikasi',1,'2025-01-24 16:47:05'),(1004,'42989c95-5f6d-fea8-0d6d-e12042e605b2','t_aku','Login','Desktop-Windows','Berhasil Melakukan Login Aplikasi',1,'2025-01-24 16:47:12'),(1005,'152db922-23bf-5c9b-0ce4-2337c961d4e7','t_aku','Login','Desktop-Windows','Berhasil Melakukan Login Aplikasi',1,'2025-01-24 20:10:21'),(1006,'152db922-23bf-5c9b-0ce4-2337c961d4e7','t_aku','Logout','Desktop-Windows','Berhasil Melakukan Logout Aplikasi',1,'2025-01-24 20:11:42'),(1007,'0f312985-d4e7-0e67-396b-df35d12f2425','milladia_u','Login','Desktop-Windows','Berhasil Melakukan Login Aplikasi',1,'2025-01-24 20:11:52'),(1008,'b86959a9-7f01-b6cb-96d5-4d8922253096','carudi','Login','Desktop-Windows','Berhasil Melakukan Login Aplikasi',1,'2025-01-25 11:17:40'),(1009,'b86959a9-7f01-b6cb-96d5-4d8922253096','carudi','Logout','Desktop-Windows','Berhasil Melakukan Logout Aplikasi',1,'2025-01-25 11:17:54'),(1010,'1a130c51-b567-3718-5a73-f5f637360e9f','carudi','Login','Desktop-Windows','Berhasil Melakukan Login Aplikasi',1,'2025-01-25 11:22:52'),(1011,'4d3e8715-f695-cc57-159b-cb128d2e4ea0','carudi','Login','Desktop-Windows','Berhasil Melakukan Login Aplikasi',1,'2025-01-25 11:23:16'),(1012,'1a130c51-b567-3718-5a73-f5f637360e9f','carudi','Logout','Desktop-Windows','Berhasil Melakukan Logout Aplikasi',1,'2025-01-25 11:25:03'),(1013,'4d3e8715-f695-cc57-159b-cb128d2e4ea0','carudi','Logout','Desktop-Windows','Berhasil Melakukan Logout Aplikasi',1,'2025-01-25 11:32:28'),(1014,'4d3e8715-f695-cc57-159b-cb128d2e4ea0','carudi','Logout','Desktop-Windows','Berhasil Melakukan Logout Aplikasi',1,'2025-01-25 11:32:31'),(1015,NULL,'achmad_y.p','Login','Desktop-Windows','Username dan Kata Sandi Tidak Sesuai',0,'2025-01-25 11:32:43'),(1016,'479ad5c9-190a-1ff4-746f-e22fa7061a4f','achmad_yo','Login','Desktop-Windows','Berhasil Melakukan Login Aplikasi',1,'2025-01-25 11:32:53'),(1017,'479ad5c9-190a-1ff4-746f-e22fa7061a4f','achmad_yo','Logout','Desktop-Windows','Berhasil Melakukan Logout Aplikasi',1,'2025-01-25 11:42:58'),(1018,'9f724cb3-725b-2aa1-0d26-a1521bea5217','achmad_yo','Login','Desktop-Windows','Berhasil Melakukan Login Aplikasi',1,'2025-01-25 11:43:15'),(1019,'c81f70d4-8768-74db-9493-e19f51a47733','achmad_yo','Login','Desktop-Windows','Berhasil Melakukan Login Aplikasi',1,'2025-01-26 10:08:27'),(1020,'c12bfd0a-1c43-5798-f74c-238072bb4fa4','achmad_yo','Login','Desktop-Windows','Berhasil Melakukan Login Aplikasi',1,'2025-01-27 08:18:28'),(1021,'c12bfd0a-1c43-5798-f74c-238072bb4fa4','achmad_yo','Logout','Desktop-Windows','Berhasil Melakukan Logout Aplikasi',1,'2025-01-27 09:00:30'),(1022,'5b7ffc81-b609-6c83-e63f-05767b93fc20','achmad_yo','Login','Desktop-Windows','Berhasil Melakukan Login Aplikasi',1,'2025-01-27 09:00:58'),(1023,'9baad3e4-9b71-cd8f-7313-305025134f5d','achmad_yo','Login','Desktop-Windows','Berhasil Melakukan Login Aplikasi',1,'2025-01-27 13:41:14'),(1024,'9baad3e4-9b71-cd8f-7313-305025134f5d','achmad_yo','Produk','Desktop-Windows','Berhasil Menambahkan Stok Produk',1,'2025-01-27 13:49:35'),(1025,'79cd570d-a52f-4a96-b5c4-61f13a6f55fc','achmad_yo','Login','Desktop-Windows','Berhasil Melakukan Login Aplikasi',1,'2025-02-02 10:25:52'),(1026,'09d26094-1fce-c388-4938-64a8896a014f','milladia_u','Login','Mobile-Android','Berhasil Melakukan Login Aplikasi',1,'2025-02-02 10:56:43'),(1027,'530ec872-83c3-41e3-3071-4efc42cc75d9','carudi','Login','Desktop-','Berhasil Melakukan Login Aplikasi',1,'2025-02-05 14:26:21'),(1028,'05e607cc-3f7f-45e4-2e4b-3b1b3b304453','carudi','Login','Desktop-','Berhasil Melakukan Login Aplikasi',1,'2025-02-06 08:54:05'),(1029,'35416694-2aeb-3234-62db-3c139b0d4ff6','achmad_yo','Login','Desktop-Windows','Berhasil Melakukan Login Aplikasi',1,'2025-02-06 09:17:41'),(1030,'35416694-2aeb-3234-62db-3c139b0d4ff6','achmad_yo','Logout','Desktop-Windows','Berhasil Melakukan Logout Aplikasi',1,'2025-02-06 09:25:41'),(1031,'21967f67-601e-80d3-dcde-6bb63c8dbf54','achmad_yo','Login','Desktop-Windows','Berhasil Melakukan Login Aplikasi',1,'2025-02-06 09:27:03'),(1032,'2fc7f369-cab0-52ce-ebfa-ac5e2d3350d1','carudi','Login','Desktop-PostmanRuntime/7.28.3','Berhasil Melakukan Login Aplikasi',1,'2025-02-06 09:33:58'),(1033,'47df2926-d52b-af01-d3b5-acbbce73e2ef','carudi','Login','Desktop-Other','Berhasil Melakukan Login Aplikasi',1,'2025-02-06 09:34:51'),(1034,'21967f67-601e-80d3-dcde-6bb63c8dbf54','achmad_yo','Logout','Desktop-Windows','Berhasil Melakukan Logout Aplikasi',1,'2025-02-06 09:36:06'),(1035,'78072829-c7f0-7770-6143-0576b3313f08','achmad_yo','Login','Desktop-Windows','Berhasil Melakukan Login Aplikasi',1,'2025-02-06 09:36:21'),(1036,'84e7113c-a14f-c1ae-2d5c-498801f0f6ec','achmad_yo','Login','Mobile-Android','Berhasil Melakukan Login Aplikasi',1,'2025-02-06 09:39:45'),(1037,'84e7113c-a14f-c1ae-2d5c-498801f0f6ec','achmad_yo','Produk','Mobile-Android','Berhasil Menambahkan Stok Produk',1,'2025-02-06 09:43:06'),(1038,'78072829-c7f0-7770-6143-0576b3313f08','achmad_yo','Logout','Desktop-Windows','Berhasil Melakukan Logout Aplikasi',1,'2025-02-06 09:49:54'),(1039,'6d82d90c-1740-50f5-04e0-5592153262c7','achmad_yo','Login','Desktop-Windows','Berhasil Melakukan Login Aplikasi',1,'2025-02-06 09:50:07'),(1040,'8d823ec6-577e-016c-0d02-0a18779c554c','achmad_yo','Login','Desktop-Windows','Berhasil Melakukan Login Aplikasi',1,'2025-02-15 11:40:00'),(1041,'b2e011fc-142d-0598-8482-ad3872fd3b1b','achmad_yo','Login','Desktop-Windows','Berhasil Melakukan Login Aplikasi',1,'2025-02-15 22:15:38'),(1042,'45949384-187e-0f5a-b828-154647808d28','t_aku','Login','Desktop-Windows','Berhasil Melakukan Login Aplikasi',1,'2025-02-15 22:31:56'),(1043,'8c57ff99-b354-a93c-2a97-c0c9e04c41ce','achmad_yo','Login','Desktop-Windows','Berhasil Melakukan Login Aplikasi',1,'2025-02-16 11:20:40'),(1044,'5359e20a-9f62-763d-a243-a9462fbdc3ea','carudi','Login','Desktop-Windows','Berhasil Melakukan Login Aplikasi',1,'2025-02-16 11:33:56'),(1045,'cb67c371-a4c3-56c0-5dcb-663dc3b9c6a6','achmad_yo','Login','Desktop-Windows','Berhasil Melakukan Login Aplikasi',1,'2025-02-17 09:27:46'),(1046,'e0fc35b8-a1a0-5719-6622-3f3583ccf18b','achmad_yo','Login','Desktop-Windows','Berhasil Melakukan Login Aplikasi',1,'2025-02-22 19:09:20'),(1047,'e151ca50-b7f0-9d5f-b133-a9e660c84396','achmad_yo','Login','Desktop-Windows','Berhasil Melakukan Login Aplikasi',1,'2025-03-03 00:42:50'),(1048,'8d202971-08b9-281f-650a-804069df0215','achmad_yo','Login','Desktop-Windows','Berhasil Melakukan Login Aplikasi',1,'2025-03-03 00:55:57'),(1049,'327adcf0-e10b-467d-07d6-c7e95c18bf21','carudi','Login','Desktop-Other','Berhasil Melakukan Login Aplikasi',1,'2025-03-03 02:04:15'),(1050,'1e2da452-4756-d0ad-7421-969966c19889','t_aku','Login','Desktop-Windows','Berhasil Melakukan Login Aplikasi',1,'2025-03-12 20:18:13'),(1051,'d23e90af-258c-43a6-7100-bc3fca56b8eb','t_aku','Login','Desktop-Windows','Berhasil Melakukan Login Aplikasi',1,'2025-03-13 14:02:42'),(1052,'d23e90af-258c-43a6-7100-bc3fca56b8eb','t_aku','Produk','Desktop-Windows','Berhasil Menghapus Data Member Custom Harga Produk',1,'2025-03-13 19:34:41'),(1053,'d23e90af-258c-43a6-7100-bc3fca56b8eb','t_aku','Produk','Desktop-Windows','Berhasil Menambahkan Data Member Custom Harga Produk',1,'2025-03-13 19:34:46'),(1054,'cf3ebcdf-11a1-95d4-0532-82f35650b5ca','milladia_u','Login','Desktop-Windows','Berhasil Melakukan Login Aplikasi',1,'2025-03-14 09:11:16'),(1055,'70e20d9b-ff1c-5088-c206-2c87e61cd914','milladia_u','Login','Desktop-Windows','Berhasil Melakukan Login Aplikasi',1,'2025-03-15 21:10:59'),(1056,'c5ec446f-e01d-26a1-a516-b28500b88465','milladia_u','Login','Desktop-Windows','Berhasil Melakukan Login Aplikasi',1,'2025-03-21 13:54:33'),(1057,'c5ec446f-e01d-26a1-a516-b28500b88465','milladia_u','Logout','Desktop-Windows','Berhasil Melakukan Logout Aplikasi',1,'2025-03-21 14:11:14'),(1058,'97d69dcb-cd1b-b086-44c5-18d2eebc5ac1','t_aku','Login','Desktop-Windows','Berhasil Melakukan Login Aplikasi',1,'2025-03-21 14:11:20'),(1059,'97d69dcb-cd1b-b086-44c5-18d2eebc5ac1','t_aku','Transaksi','Desktop-Windows','Berhasil Melakukan Pembayaran Transaksi b891db3d-5429-b3f7-6e51-f3e0747589ce',1,'2025-03-21 14:12:40'),(1060,'97d69dcb-cd1b-b086-44c5-18d2eebc5ac1','t_aku','Transaksi','Desktop-Windows','Berhasil Menambahkan Data Transaksi e8956adf-e53e-e53b-7c61-6294c47971a5',1,'2025-03-21 14:23:13'),(1061,'97d69dcb-cd1b-b086-44c5-18d2eebc5ac1','t_aku','Transaksi','Desktop-Windows','Berhasil Menambahkan Data Produk Transaksi e8956adf-e53e-e53b-7c61-6294c47971a5',1,'2025-03-21 14:23:25'),(1062,'97d69dcb-cd1b-b086-44c5-18d2eebc5ac1','t_aku','Transaksi','Desktop-Windows','Berhasil Menyimpan Data Produk Transaksi e8956adf-e53e-e53b-7c61-6294c47971a5',1,'2025-03-21 14:23:36'),(1063,'97d69dcb-cd1b-b086-44c5-18d2eebc5ac1','t_aku','Transaksi','Desktop-Windows','Berhasil Melakukan Pembayaran Transaksi e8956adf-e53e-e53b-7c61-6294c47971a5',1,'2025-03-21 14:35:32'),(1064,'97d69dcb-cd1b-b086-44c5-18d2eebc5ac1','t_aku','Transaksi','Desktop-Windows','Berhasil Menambahkan Data Transaksi 31c9f7d6-b846-1719-dd97-3188345f62fc',1,'2025-03-21 14:41:15'),(1065,'97d69dcb-cd1b-b086-44c5-18d2eebc5ac1','t_aku','Transaksi','Desktop-Windows','Berhasil Menambahkan Data Produk Transaksi 31c9f7d6-b846-1719-dd97-3188345f62fc',1,'2025-03-21 14:41:32'),(1066,'97d69dcb-cd1b-b086-44c5-18d2eebc5ac1','t_aku','Transaksi','Desktop-Windows','Berhasil Melakukan Pembayaran Transaksi 31c9f7d6-b846-1719-dd97-3188345f62fc',1,'2025-03-21 14:41:44'),(1067,'97d69dcb-cd1b-b086-44c5-18d2eebc5ac1','t_aku','Transaksi','Desktop-Windows','Berhasil Menambahkan Data Transaksi a32006d7-c3de-5674-03ac-ae34511da05c',1,'2025-03-21 15:33:35'),(1068,'97d69dcb-cd1b-b086-44c5-18d2eebc5ac1','t_aku','Transaksi','Desktop-Windows','Berhasil Menambahkan Data Produk Transaksi a32006d7-c3de-5674-03ac-ae34511da05c',1,'2025-03-21 15:33:46'),(1069,'97d69dcb-cd1b-b086-44c5-18d2eebc5ac1','t_aku','Transaksi','Desktop-Windows','Berhasil Menambahkan Data Produk Transaksi a32006d7-c3de-5674-03ac-ae34511da05c',1,'2025-03-21 15:33:55'),(1070,'97d69dcb-cd1b-b086-44c5-18d2eebc5ac1','t_aku','Transaksi','Desktop-Windows','Berhasil Melakukan Pembayaran Transaksi a32006d7-c3de-5674-03ac-ae34511da05c',1,'2025-03-21 15:34:14'),(1071,'97d69dcb-cd1b-b086-44c5-18d2eebc5ac1','t_aku','Transaksi','Desktop-Windows','Berhasil Menambahkan Data Transaksi c56dedd9-35ff-5d79-eed6-edd67e0e9f08',1,'2025-03-21 15:34:55'),(1072,'97d69dcb-cd1b-b086-44c5-18d2eebc5ac1','t_aku','Transaksi','Desktop-Windows','Berhasil Menambahkan Data Produk Transaksi c56dedd9-35ff-5d79-eed6-edd67e0e9f08',1,'2025-03-21 15:35:03'),(1073,'97d69dcb-cd1b-b086-44c5-18d2eebc5ac1','t_aku','Transaksi','Desktop-Windows','Berhasil Melakukan Pembayaran Transaksi c56dedd9-35ff-5d79-eed6-edd67e0e9f08',1,'2025-03-21 15:35:18'),(1074,'8a46768c-da83-01fa-14f4-9ce6ee716904','t_aku','Login','Desktop-Windows','Berhasil Melakukan Login Aplikasi',1,'2025-03-22 14:00:12'),(1075,'8a46768c-da83-01fa-14f4-9ce6ee716904','t_aku','Transaksi','Desktop-Windows','Berhasil Menambahkan Data Transaksi afde2aab-8adc-7eda-663c-9ae30ab6303a',1,'2025-03-22 14:00:16'),(1076,'8a46768c-da83-01fa-14f4-9ce6ee716904','t_aku','Produk','Desktop-Windows','Berhasil Menambahkan Data Member Custom Harga Produk',1,'2025-03-22 14:00:24'),(1077,'8a46768c-da83-01fa-14f4-9ce6ee716904','t_aku','Transaksi','Desktop-Windows','Berhasil Menambahkan Data Produk Transaksi afde2aab-8adc-7eda-663c-9ae30ab6303a',1,'2025-03-22 14:00:28'),(1078,'8a46768c-da83-01fa-14f4-9ce6ee716904','t_aku','Transaksi','Desktop-Windows','Berhasil Menambahkan Data Produk Transaksi afde2aab-8adc-7eda-663c-9ae30ab6303a',1,'2025-03-22 14:00:35'),(1079,'8a46768c-da83-01fa-14f4-9ce6ee716904','t_aku','Transaksi','Desktop-Windows','Berhasil Melakukan Pembayaran Transaksi afde2aab-8adc-7eda-663c-9ae30ab6303a',1,'2025-03-22 14:00:51'),(1080,'8a46768c-da83-01fa-14f4-9ce6ee716904','t_aku','Transaksi','Desktop-Windows','Berhasil Melakukan Pembayaran Transaksi afde2aab-8adc-7eda-663c-9ae30ab6303a',1,'2025-03-22 14:02:34'),(1081,'acde4c94-4f15-cfc2-4b3b-3b196b4819a5','t_aku','Login','Desktop-Windows','Berhasil Melakukan Login Aplikasi',1,'2025-03-22 20:10:01'),(1082,'acde4c94-4f15-cfc2-4b3b-3b196b4819a5','t_aku','Transaksi','Desktop-Windows','Berhasil Melakukan Pembayaran Transaksi afde2aab-8adc-7eda-663c-9ae30ab6303a',1,'2025-03-22 20:17:53'),(1083,'acde4c94-4f15-cfc2-4b3b-3b196b4819a5','t_aku','Transaksi','Desktop-Windows','Berhasil Menambahkan Data Transaksi 1e6c65f0-0f12-2e45-8ca1-216a12c5ef2e',1,'2025-03-22 20:21:57'),(1084,'acde4c94-4f15-cfc2-4b3b-3b196b4819a5','t_aku','Transaksi','Desktop-Windows','Berhasil Menambahkan Data Produk Transaksi 1e6c65f0-0f12-2e45-8ca1-216a12c5ef2e',1,'2025-03-22 20:22:04'),(1085,'acde4c94-4f15-cfc2-4b3b-3b196b4819a5','t_aku','Transaksi','Desktop-Windows','Berhasil Melakukan Pembayaran Transaksi 1e6c65f0-0f12-2e45-8ca1-216a12c5ef2e',1,'2025-03-22 20:22:15'),(1086,'acde4c94-4f15-cfc2-4b3b-3b196b4819a5','t_aku','Transaksi','Desktop-Windows','Berhasil Melakukan Pembayaran Transaksi 1e6c65f0-0f12-2e45-8ca1-216a12c5ef2e',1,'2025-03-22 20:22:58'),(1087,'acde4c94-4f15-cfc2-4b3b-3b196b4819a5','t_aku','Transaksi','Desktop-Windows','Berhasil Menambahkan Data Transaksi ed4d90ba-6c9c-2b2a-b81f-eb6f102d5352',1,'2025-03-22 20:25:22'),(1088,'acde4c94-4f15-cfc2-4b3b-3b196b4819a5','t_aku','Transaksi','Desktop-Windows','Berhasil Menambahkan Data Produk Transaksi ed4d90ba-6c9c-2b2a-b81f-eb6f102d5352',1,'2025-03-22 20:25:27'),(1089,'acde4c94-4f15-cfc2-4b3b-3b196b4819a5','t_aku','Transaksi','Desktop-Windows','Berhasil Melakukan Pembayaran Transaksi ed4d90ba-6c9c-2b2a-b81f-eb6f102d5352',1,'2025-03-22 20:36:44'),(1090,'acde4c94-4f15-cfc2-4b3b-3b196b4819a5','t_aku','Transaksi','Desktop-Windows','Berhasil Menambahkan Data Transaksi 15ea6801-3644-1e33-c5a0-003aabc9e329',1,'2025-03-22 20:38:13'),(1091,'acde4c94-4f15-cfc2-4b3b-3b196b4819a5','t_aku','Transaksi','Desktop-Windows','Berhasil Menambahkan Data Produk Transaksi 15ea6801-3644-1e33-c5a0-003aabc9e329',1,'2025-03-22 20:38:19'),(1092,'acde4c94-4f15-cfc2-4b3b-3b196b4819a5','t_aku','Transaksi','Desktop-Windows','Berhasil Melakukan Pembayaran Transaksi 15ea6801-3644-1e33-c5a0-003aabc9e329',1,'2025-03-22 20:38:39'),(1093,'acde4c94-4f15-cfc2-4b3b-3b196b4819a5','t_aku','Transaksi','Desktop-Windows','Berhasil Melakukan Pembayaran Transaksi 15ea6801-3644-1e33-c5a0-003aabc9e329',1,'2025-03-22 20:41:42'),(1094,'acde4c94-4f15-cfc2-4b3b-3b196b4819a5','t_aku','Transaksi','Desktop-Windows','Berhasil Melakukan Pembayaran Transaksi 15ea6801-3644-1e33-c5a0-003aabc9e329',1,'2025-03-22 20:42:13'),(1095,'acde4c94-4f15-cfc2-4b3b-3b196b4819a5','t_aku','Transaksi','Desktop-Windows','Berhasil Menambahkan Data Transaksi d8a97482-1aa6-2999-e14c-0e9bf134cf95',1,'2025-03-22 20:45:10'),(1096,'acde4c94-4f15-cfc2-4b3b-3b196b4819a5','t_aku','Transaksi','Desktop-Windows','Berhasil Menambahkan Data Produk Transaksi d8a97482-1aa6-2999-e14c-0e9bf134cf95',1,'2025-03-22 20:45:19'),(1097,'acde4c94-4f15-cfc2-4b3b-3b196b4819a5','t_aku','Transaksi','Desktop-Windows','Berhasil Menyimpan Data Produk Transaksi d8a97482-1aa6-2999-e14c-0e9bf134cf95',1,'2025-03-22 20:45:23'),(1098,'acde4c94-4f15-cfc2-4b3b-3b196b4819a5','t_aku','Transaksi','Desktop-Windows','Berhasil Melakukan Pembayaran Transaksi d8a97482-1aa6-2999-e14c-0e9bf134cf95',1,'2025-03-22 20:46:33'),(1099,'acde4c94-4f15-cfc2-4b3b-3b196b4819a5','t_aku','Transaksi','Desktop-Windows','Berhasil Melakukan Pembayaran Transaksi d8a97482-1aa6-2999-e14c-0e9bf134cf95',1,'2025-03-22 20:50:52'),(1100,'acde4c94-4f15-cfc2-4b3b-3b196b4819a5','t_aku','Transaksi','Desktop-Windows','Berhasil Menambahkan Data Transaksi 943dfb88-08ca-414c-787e-0f524becefef',1,'2025-03-22 20:51:09'),(1101,'acde4c94-4f15-cfc2-4b3b-3b196b4819a5','t_aku','Transaksi','Desktop-Windows','Berhasil Menambahkan Data Produk Transaksi 943dfb88-08ca-414c-787e-0f524becefef',1,'2025-03-22 20:51:14'),(1102,'acde4c94-4f15-cfc2-4b3b-3b196b4819a5','t_aku','Transaksi','Desktop-Windows','Berhasil Menyimpan Data Produk Transaksi 943dfb88-08ca-414c-787e-0f524becefef',1,'2025-03-22 20:51:26'),(1103,'acde4c94-4f15-cfc2-4b3b-3b196b4819a5','t_aku','Transaksi','Desktop-Windows','Berhasil Melakukan Pembayaran Transaksi 943dfb88-08ca-414c-787e-0f524becefef',1,'2025-03-22 20:52:15'),(1104,'acde4c94-4f15-cfc2-4b3b-3b196b4819a5','t_aku','Logout','Desktop-Windows','Berhasil Melakukan Logout Aplikasi',1,'2025-03-22 20:52:42'),(1105,'cd49115d-e7e6-7f01-05a2-08bc6784c7bc','milladia_u','Login','Desktop-Windows','Berhasil Melakukan Login Aplikasi',1,'2025-03-22 20:52:49'),(1106,'cd49115d-e7e6-7f01-05a2-08bc6784c7bc','milladia_u','Logout','Desktop-Windows','Berhasil Melakukan Logout Aplikasi',1,'2025-03-22 21:56:44'),(1107,'2b29b4c3-1cb6-9735-0ea2-0f3136236086','t_aku','Login','Desktop-Windows','Berhasil Melakukan Login Aplikasi',1,'2025-03-22 21:56:50'),(1108,'2b29b4c3-1cb6-9735-0ea2-0f3136236086','t_aku','Logout','Desktop-Windows','Berhasil Melakukan Logout Aplikasi',1,'2025-03-23 00:58:04'),(1109,'695e1e5d-5072-fa67-409d-3a22e08e9b1b','carudi','Login','Desktop-Windows','Berhasil Melakukan Login Aplikasi',1,'2025-03-23 00:58:10'),(1110,'b2a7ca9d-6e53-c542-cef6-ff911455cb85','carudi','Login','Desktop-Windows','Berhasil Melakukan Login Aplikasi',1,'2025-03-24 12:03:11'),(1111,'ebe5e64e-54ac-98db-49f3-660092a2ce01','carudi','Login','Desktop-Windows','Berhasil Melakukan Login Aplikasi',1,'2025-03-25 08:48:46'),(1112,'7a92d08f-66b2-2108-7ac9-b2760b4478f2','carudi','Login','Desktop-Windows','Berhasil Melakukan Login Aplikasi',1,'2025-03-26 23:29:11'),(1113,'7a92d08f-66b2-2108-7ac9-b2760b4478f2','carudi','Logout','Desktop-Windows','Berhasil Melakukan Logout Aplikasi',1,'2025-03-26 23:49:21'),(1114,NULL,'achmad_yp','Login','Desktop-Windows','Username dan Kata Sandi Tidak Sesuai',0,'2025-03-26 23:49:31'),(1115,'797e28ff-dc68-aede-a44f-cb75713f9f67','achmad_yo','Login','Desktop-Windows','Berhasil Melakukan Login Aplikasi',1,'2025-03-26 23:49:41'),(1116,'797e28ff-dc68-aede-a44f-cb75713f9f67','achmad_yo','Produk','Desktop-Windows','Berhasil Menambahkan Data Member Custom Harga Produk',1,'2025-03-27 03:46:24'),(1117,'17ebcc46-f3a9-0109-df1e-edf0dad07036','achmad_yo','Login','Desktop-Windows','Berhasil Melakukan Login Aplikasi',1,'2025-03-28 04:07:04'),(1118,'0e178300-a4fc-097b-9032-1d42a848abd6','achmad_yo','Login','Desktop-Windows','Berhasil Melakukan Login Aplikasi',1,'2025-03-28 18:48:14'),(1119,'a7f890cf-1598-c9c2-d5ec-c0373e10190c','t_aku','Login','Desktop-Windows','Berhasil Melakukan Login Aplikasi',1,'2025-04-03 09:37:30'),(1120,'a7f890cf-1598-c9c2-d5ec-c0373e10190c','t_aku','Transaksi','Desktop-Windows','Berhasil Menambahkan Data Transaksi e068c1a3-3e48-e1ed-4971-d55954d0d024',1,'2025-04-03 09:44:04'),(1121,'a7f890cf-1598-c9c2-d5ec-c0373e10190c','t_aku','Transaksi','Desktop-Windows','Berhasil Menambahkan Data Produk Transaksi e068c1a3-3e48-e1ed-4971-d55954d0d024',1,'2025-04-03 09:44:10'),(1122,'a7f890cf-1598-c9c2-d5ec-c0373e10190c','t_aku','Transaksi','Desktop-Windows','Berhasil Menambahkan Data Produk Transaksi e068c1a3-3e48-e1ed-4971-d55954d0d024',1,'2025-04-03 09:44:15'),(1123,'a7f890cf-1598-c9c2-d5ec-c0373e10190c','t_aku','Transaksi','Desktop-Windows','Berhasil Menambahkan Data Produk Transaksi e068c1a3-3e48-e1ed-4971-d55954d0d024',1,'2025-04-03 09:44:20'),(1124,'a7f890cf-1598-c9c2-d5ec-c0373e10190c','t_aku','Transaksi','Desktop-Windows','Berhasil Menambahkan Data Produk Transaksi e068c1a3-3e48-e1ed-4971-d55954d0d024',1,'2025-04-03 09:44:25'),(1125,'a7f890cf-1598-c9c2-d5ec-c0373e10190c','t_aku','Transaksi','Desktop-Windows','Berhasil Menambahkan Data Produk Transaksi e068c1a3-3e48-e1ed-4971-d55954d0d024',1,'2025-04-03 09:44:35'),(1126,'a7f890cf-1598-c9c2-d5ec-c0373e10190c','t_aku','Transaksi','Desktop-Windows','Berhasil Melakukan Pembayaran Transaksi e068c1a3-3e48-e1ed-4971-d55954d0d024',1,'2025-04-03 09:44:52'),(1127,'8bae599b-e1fb-60cf-867a-8e44702a3b3c','achmad_yo','Login','Desktop-Windows','Berhasil Melakukan Login Aplikasi',1,'2025-04-03 09:47:24'),(1128,'a7f890cf-1598-c9c2-d5ec-c0373e10190c','t_aku','Transaksi','Desktop-Windows','Berhasil Melakukan Pembayaran Transaksi e068c1a3-3e48-e1ed-4971-d55954d0d024',1,'2025-04-03 09:48:11'),(1129,'b3daa81e-2202-e626-d158-cc6653f668e1','achmad_yo','Login','Desktop-Windows','Berhasil Melakukan Login Aplikasi',1,'2025-04-03 09:50:02'),(1130,'b3daa81e-2202-e626-d158-cc6653f668e1','achmad_yo','Produk','Desktop-Windows','Berhasil Menambahkan Data Produk',1,'2025-04-03 10:03:02'),(1131,'b3daa81e-2202-e626-d158-cc6653f668e1','achmad_yo','Logout','Desktop-Windows','Berhasil Melakukan Logout Aplikasi',1,'2025-04-03 11:26:09'),(1132,'9a338f12-f370-9232-fd5f-967019ba3744','achmad_yo','Login','Desktop-Windows','Berhasil Melakukan Login Aplikasi',1,'2025-04-03 11:26:27'),(1133,'8c25f052-7927-3433-1e35-3f4675645e20','achmad_yo','Login','Desktop-Windows','Berhasil Melakukan Login Aplikasi',1,'2025-04-03 16:29:06'),(1134,'b2a5f108-1020-436f-434a-4713cd3b5c68','achmad_yo','Login','Desktop-Windows','Berhasil Melakukan Login Aplikasi',1,'2025-04-03 21:04:54'),(1135,'065ea7f4-0d11-05c1-2c61-6267e6bcb31f','t_aku','Login','Desktop-Windows','Berhasil Melakukan Login Aplikasi',1,'2025-04-03 21:42:36'),(1136,'f208718a-9717-4812-d2ab-eba7f9543e3f','achmad_yo','Login','Desktop-Windows','Berhasil Melakukan Login Aplikasi',1,'2025-04-04 08:29:05'),(1137,'7684c7fa-a574-2015-61f1-b27cb538bb7e','achmad_yo','Login','Mobile-Android','Berhasil Melakukan Login Aplikasi',1,'2025-04-04 08:43:53'),(1138,'f208718a-9717-4812-d2ab-eba7f9543e3f','achmad_yo','Logout','Desktop-Windows','Berhasil Melakukan Logout Aplikasi',1,'2025-04-04 08:50:40'),(1139,'02f9e667-ad2c-2574-d1d8-25a874b24141','achmad_yo','Login','Desktop-Windows','Berhasil Melakukan Login Aplikasi',1,'2025-04-04 08:50:57'),(1140,'7684c7fa-a574-2015-61f1-b27cb538bb7e','achmad_yo','Logout','Mobile-Android','Berhasil Melakukan Logout Aplikasi',1,'2025-04-04 08:51:00'),(1141,'a999b0dd-94ce-d655-3934-eb5298f74205','achmad_yo','Login','Desktop-Windows','Berhasil Melakukan Login Aplikasi',1,'2025-04-04 13:07:43'),(1142,'a999b0dd-94ce-d655-3934-eb5298f74205','achmad_yo','Pelanggan','Desktop-Windows','Berhasil Memperbarui Data Pelanggan',1,'2025-04-04 15:45:09'),(1143,'1fbd626b-b892-ce04-6f00-c5031d2396df','achmad_yo','Login','Desktop-Windows','Berhasil Melakukan Login Aplikasi',1,'2025-04-04 18:51:11'),(1144,'1fe2c642-0503-68ad-d722-38d79e6a1681','achmad_yo','Login','Desktop-Windows','Berhasil Melakukan Login Aplikasi',1,'2025-04-04 21:05:56'),(1145,'3987854a-3d2f-de66-8f8c-4019389d3d78','achmad_yo','Login','Desktop-Windows','Berhasil Melakukan Login Aplikasi',1,'2025-04-05 09:20:57'),(1146,'3987854a-3d2f-de66-8f8c-4019389d3d78','achmad_yo','Pelanggan','Desktop-Windows','Berhasil Memperbarui Data Pelanggan',1,'2025-04-05 09:21:42'),(1147,'3987854a-3d2f-de66-8f8c-4019389d3d78','achmad_yo','Pelanggan','Desktop-Windows','Berhasil Memperbarui Data Pelanggan',1,'2025-04-05 09:22:58'),(1148,'3987854a-3d2f-de66-8f8c-4019389d3d78','achmad_yo','Pelanggan','Desktop-Windows','Berhasil Memperbarui Data Pelanggan',1,'2025-04-05 09:23:13'),(1149,'3987854a-3d2f-de66-8f8c-4019389d3d78','achmad_yo','Pelanggan','Desktop-Windows','Berhasil Menambahkan Data Pelanggan',1,'2025-04-05 09:24:01'),(1150,'3987854a-3d2f-de66-8f8c-4019389d3d78','achmad_yo','Pelanggan','Desktop-Windows','Berhasil Menambahkan Data Pelanggan',1,'2025-04-05 09:26:02'),(1151,'6d4404a7-edc5-8959-2707-309bba95abdf','t_aku','Login','Desktop-Windows','Berhasil Melakukan Login Aplikasi',1,'2025-04-05 09:27:32'),(1152,'6d4404a7-edc5-8959-2707-309bba95abdf','t_aku','Pelanggan','Desktop-Windows','Berhasil Menambahkan Data Pelanggan',1,'2025-04-05 09:30:45'),(1153,'6d4404a7-edc5-8959-2707-309bba95abdf','t_aku','Transaksi','Desktop-Windows','Berhasil Menambahkan Data Transaksi 8169ca29-11e9-05bf-abc7-f9dc113df870',1,'2025-04-05 09:31:44'),(1154,'9bd333ba-9afe-5237-f97d-f771c31888bb','t_aku','Login','Desktop-Windows','Berhasil Melakukan Login Aplikasi',1,'2025-04-05 20:45:33'),(1155,'9bd333ba-9afe-5237-f97d-f771c31888bb','t_aku','Transaksi','Desktop-Windows','Berhasil Menambahkan Data Produk Transaksi 8169ca29-11e9-05bf-abc7-f9dc113df870',1,'2025-04-05 20:45:49'),(1156,'9bd333ba-9afe-5237-f97d-f771c31888bb','t_aku','Transaksi','Desktop-Windows','Berhasil Menambahkan Data Produk Transaksi 8169ca29-11e9-05bf-abc7-f9dc113df870',1,'2025-04-05 20:45:58'),(1157,'9bd333ba-9afe-5237-f97d-f771c31888bb','t_aku','Logout','Desktop-Windows','Berhasil Melakukan Logout Aplikasi',1,'2025-04-05 20:50:02'),(1158,'99a81687-edb5-3157-bbaf-05efd9b49358','achmad_yo','Login','Desktop-Windows','Berhasil Melakukan Login Aplikasi',1,'2025-04-05 20:50:11'),(1159,'99a81687-edb5-3157-bbaf-05efd9b49358','achmad_yo','Logout','Desktop-Windows','Berhasil Melakukan Logout Aplikasi',1,'2025-04-05 20:57:03'),(1160,NULL,'achmad_yo','Login','Desktop-Windows','Username dan Kata Sandi Tidak Sesuai',0,'2025-04-05 20:57:13'),(1161,NULL,'achmad_yp','Login','Desktop-Windows','Username dan Kata Sandi Tidak Sesuai',0,'2025-04-05 20:57:29'),(1162,NULL,'achmad_yo','Login','Desktop-Windows','Pegawai sudah tidak aktif',0,'2025-04-05 20:58:37'),(1163,NULL,'achmad_yo','Login','Desktop-Windows','Username dan Kata Sandi Tidak Sesuai',0,'2025-04-05 20:58:51'),(1164,'5671a408-e79f-7c90-d635-4572922acdf4','achmad_yo','Login','Desktop-Windows','Berhasil Melakukan Login Aplikasi',1,'2025-04-05 20:59:01'),(1165,'23e34ddb-eab4-5ab5-32ec-d5d3517ad078','t_aku','Login','Mobile-Android','Berhasil Melakukan Login Aplikasi',1,'2025-04-05 21:03:06'),(1166,'23e34ddb-eab4-5ab5-32ec-d5d3517ad078','t_aku','Transaksi','Mobile-Android','Berhasil Membatalkan Transaksi 8169ca29-11e9-05bf-abc7-f9dc113df870',1,'2025-04-05 21:18:57'),(1167,'23e34ddb-eab4-5ab5-32ec-d5d3517ad078','t_aku','Transaksi','Mobile-Android','Berhasil Menambahkan Data Transaksi f9df114b-902d-7971-4705-3b8f15ee2d16',1,'2025-04-05 21:19:53'),(1168,'23e34ddb-eab4-5ab5-32ec-d5d3517ad078','t_aku','Produk','Mobile-Android','Berhasil Menghapus Data Member Custom Harga Produk',1,'2025-04-05 21:20:18'),(1169,'23e34ddb-eab4-5ab5-32ec-d5d3517ad078','t_aku','Produk','Mobile-Android','Berhasil Menambahkan Data Member Custom Harga Produk',1,'2025-04-05 21:20:24'),(1170,'23e34ddb-eab4-5ab5-32ec-d5d3517ad078','t_aku','Transaksi','Mobile-Android','Berhasil Menambahkan Data Produk Transaksi f9df114b-902d-7971-4705-3b8f15ee2d16',1,'2025-04-05 21:20:43'),(1171,'23e34ddb-eab4-5ab5-32ec-d5d3517ad078','t_aku','Transaksi','Mobile-Android','Berhasil Melakukan Pembayaran Transaksi f9df114b-902d-7971-4705-3b8f15ee2d16',1,'2025-04-05 21:22:26'),(1172,'23e34ddb-eab4-5ab5-32ec-d5d3517ad078','t_aku','Transaksi','Mobile-Android','Berhasil Melakukan Pembayaran Transaksi f9df114b-902d-7971-4705-3b8f15ee2d16',1,'2025-04-05 21:23:36'),(1173,'23e34ddb-eab4-5ab5-32ec-d5d3517ad078','t_aku','Transaksi','Mobile-Android','Berhasil Menambahkan Data Transaksi c7a2227a-eb1b-e4a2-dcb9-3ddd85e5aef5',1,'2025-04-05 21:24:15'),(1174,'23e34ddb-eab4-5ab5-32ec-d5d3517ad078','t_aku','Transaksi','Mobile-Android','Berhasil Menambahkan Data Produk Transaksi c7a2227a-eb1b-e4a2-dcb9-3ddd85e5aef5',1,'2025-04-05 21:24:28'),(1175,'23e34ddb-eab4-5ab5-32ec-d5d3517ad078','t_aku','Transaksi','Mobile-Android','Berhasil Melakukan Pembayaran Transaksi c7a2227a-eb1b-e4a2-dcb9-3ddd85e5aef5',1,'2025-04-05 21:24:58'),(1176,'5671a408-e79f-7c90-d635-4572922acdf4','achmad_yo','Produk','Desktop-Windows','Berhasil Menambahkan Data Member Custom Harga Produk',1,'2025-04-05 21:26:23'),(1177,'5671a408-e79f-7c90-d635-4572922acdf4','achmad_yo','Logout','Desktop-Windows','Berhasil Melakukan Logout Aplikasi',1,'2025-04-05 21:26:59'),(1178,'c28e0d30-92ea-b277-2518-f6805ca41a2d','carudi','Login','Desktop-Windows','Berhasil Melakukan Login Aplikasi',1,'2025-04-05 21:27:08');

/*Table structure for table `activity_product` */

DROP TABLE IF EXISTS `activity_product`;

CREATE TABLE `activity_product` (
  `Id` int(10) NOT NULL AUTO_INCREMENT,
  `Id_Product` int(10) DEFAULT NULL,
  `Status` int(2) DEFAULT NULL,
  `Satuan` varchar(20) DEFAULT NULL,
  `Stock` double DEFAULT NULL,
  `Description` text DEFAULT NULL,
  `CreatedDate` datetime DEFAULT NULL,
  `CreatedBy` varchar(50) DEFAULT NULL,
  `isDone` int(2) DEFAULT NULL,
  PRIMARY KEY (`Id`)
) ENGINE=InnoDB AUTO_INCREMENT=39 DEFAULT CHARSET=utf8mb4;

/*Data for the table `activity_product` */

insert  into `activity_product`(`Id`,`Id_Product`,`Status`,`Satuan`,`Stock`,`Description`,`CreatedDate`,`CreatedBy`,`isDone`) values (1,2,3,'Potong',20,'Berhasil Menambahkan Stok Produk','2025-01-16 10:28:45','achmad_yo',1),(2,2,2,NULL,0,'Berhasil Memperbarui Data Produk','2025-01-16 10:34:44','achmad_yo',1),(3,1,3,'Kodi',20,'Berhasil Menambahkan Stok Produk','2025-01-21 09:07:33','achmad_yo',1),(4,2,3,'Kodi',20,'Berhasil Menambahkan Stok Produk','2025-01-21 09:07:59','achmad_yo',1),(5,1,3,'Kodi',10,'Berhasil Menambahkan Stok Produk','2025-01-21 09:14:47','achmad_yo',1),(6,1,3,'Kodi',10,'Berhasil Menambahkan Stok Produk','2025-01-21 09:16:37','achmad_yo',1),(7,2,3,'Kodi',10,'Berhasil Menambahkan Stok Produk','2025-01-21 09:52:16','achmad_yo',1),(8,2,4,'Kodi',2,'Berhasil Mengurangi Stok Produk','2025-01-21 09:53:23','t_aku',1),(9,1,3,'Lusin',1,'Berhasil Menambahkan Stok Produk','2025-01-27 13:49:35','achmad_yo',1),(10,1,3,'Potong',1,'Berhasil Menambahkan Stok Produk','2025-02-06 09:43:06','achmad_yo',1),(11,2,6,NULL,0,'Berhasil Menghapus Data Member Custom Harga Produk','2025-03-13 19:34:41','t_aku',1),(12,2,5,NULL,0,'Berhasil Menambahkan Data Member Custom Harga Produk','2025-03-13 19:34:46','t_aku',1),(13,2,4,'Potong',1,'Berhasil Mengurangi Stok Produk','2025-03-21 14:12:40','t_aku',1),(14,2,4,'Potong',4,'Berhasil Mengurangi Stok Produk','2025-03-21 14:35:32','t_aku',1),(15,1,4,'Potong',1,'Berhasil Mengurangi Stok Produk','2025-03-21 14:41:44','t_aku',1),(16,1,4,'Lusin',1,'Berhasil Mengurangi Stok Produk','2025-03-21 15:34:14','t_aku',1),(17,2,4,'Lusin',1,'Berhasil Mengurangi Stok Produk','2025-03-21 15:34:14','t_aku',1),(18,1,4,'Potong',1,'Berhasil Mengurangi Stok Produk','2025-03-21 15:35:18','t_aku',1),(19,1,5,NULL,0,'Berhasil Menambahkan Data Member Custom Harga Produk','2025-03-22 14:00:24','t_aku',1),(20,1,4,'Lusin',1,'Berhasil Mengurangi Stok Produk','2025-03-22 14:00:51','t_aku',1),(21,2,4,'Lusin',2,'Berhasil Mengurangi Stok Produk','2025-03-22 14:00:51','t_aku',1),(22,1,4,'Kodi',1,'Berhasil Mengurangi Stok Produk','2025-03-22 20:22:15','t_aku',1),(23,2,4,'Potong',1,'Berhasil Mengurangi Stok Produk','2025-03-22 20:36:44','t_aku',1),(24,1,4,'Lusin',1,'Berhasil Mengurangi Stok Produk','2025-03-22 20:38:39','t_aku',1),(25,1,4,'Potong',1,'Berhasil Mengurangi Stok Produk','2025-03-22 20:46:33','t_aku',1),(26,1,4,'Kodi',1,'Berhasil Mengurangi Stok Produk','2025-03-22 20:52:15','t_aku',1),(27,1,5,NULL,0,'Berhasil Menambahkan Data Member Custom Harga Produk','2025-03-27 03:46:24','achmad_yo',1),(28,2,4,'Kodi',1,'Berhasil Mengurangi Stok Produk','2025-04-03 09:44:52','t_aku',1),(29,1,4,'Kodi',1,'Berhasil Mengurangi Stok Produk','2025-04-03 09:44:52','t_aku',1),(30,1,4,'Lusin',1,'Berhasil Mengurangi Stok Produk','2025-04-03 09:44:52','t_aku',1),(31,2,4,'Potong',1,'Berhasil Mengurangi Stok Produk','2025-04-03 09:44:52','t_aku',1),(32,1,4,'Potong',3,'Berhasil Mengurangi Stok Produk','2025-04-03 09:44:52','t_aku',1),(33,3,1,NULL,0,'Berhasil Menambahkan Data Produk','2025-04-03 10:03:02','achmad_yo',1),(34,1,6,NULL,0,'Berhasil Menghapus Data Member Custom Harga Produk','2025-04-05 21:20:18','t_aku',1),(35,1,5,NULL,0,'Berhasil Menambahkan Data Member Custom Harga Produk','2025-04-05 21:20:24','t_aku',1),(36,1,4,'Lusin',1,'Berhasil Mengurangi Stok Produk','2025-04-05 21:22:26','t_aku',1),(37,1,4,'Potong',1,'Berhasil Mengurangi Stok Produk','2025-04-05 21:24:57','t_aku',1),(38,1,5,NULL,0,'Berhasil Menambahkan Data Member Custom Harga Produk','2025-04-05 21:26:23','achmad_yo',1);

/*Table structure for table `activity_queue_transaction` */

DROP TABLE IF EXISTS `activity_queue_transaction`;

CREATE TABLE `activity_queue_transaction` (
  `Id` int(10) NOT NULL AUTO_INCREMENT,
  `Id_Transaction` varchar(100) DEFAULT NULL,
  `Id_Session` varchar(100) DEFAULT NULL,
  `Username` varchar(200) DEFAULT NULL,
  `Status` int(2) DEFAULT NULL,
  `CreatedDate` datetime DEFAULT NULL,
  `ModifiedDate` datetime DEFAULT NULL,
  PRIMARY KEY (`Id`)
) ENGINE=InnoDB AUTO_INCREMENT=51 DEFAULT CHARSET=utf8mb4;

/*Data for the table `activity_queue_transaction` */

insert  into `activity_queue_transaction`(`Id`,`Id_Transaction`,`Id_Session`,`Username`,`Status`,`CreatedDate`,`ModifiedDate`) values (2,'73b97612-a42e-010a-4669-23a5b29d3e63','e1ad5644-4107-c4f7-f700-af2a3dc7facd','t_aku',12,'2024-10-06 16:13:46','2024-10-06 16:13:46'),(3,'73b97612-a42e-010a-4669-23a5b29d3e63','e1ad5644-4107-c4f7-f700-af2a3dc7facd','t_aku',12,'2024-10-06 16:16:51','2024-10-06 16:16:51'),(4,'73b97612-a42e-010a-4669-23a5b29d3e63','e1ad5644-4107-c4f7-f700-af2a3dc7facd','t_aku',12,'2024-10-06 16:20:14','2024-10-06 16:20:14'),(5,'73b97612-a42e-010a-4669-23a5b29d3e63','e1ad5644-4107-c4f7-f700-af2a3dc7facd','t_aku',12,'2024-10-06 16:34:58','2024-10-06 16:34:58'),(6,'73b97612-a42e-010a-4669-23a5b29d3e63','713f317c-87f5-95f0-ee50-009316ece38d','t_aku',12,'2024-10-06 21:19:22','2024-10-06 21:19:22'),(7,'73b97612-a42e-010a-4669-23a5b29d3e63','713f317c-87f5-95f0-ee50-009316ece38d','t_aku',12,'2024-10-06 21:19:51','2024-10-06 21:19:51'),(8,'73b97612-a42e-010a-4669-23a5b29d3e63','713f317c-87f5-95f0-ee50-009316ece38d','t_aku',12,'2024-10-06 21:23:14','2024-10-06 21:23:14'),(9,'73b97612-a42e-010a-4669-23a5b29d3e63','713f317c-87f5-95f0-ee50-009316ece38d','t_aku',12,'2024-10-06 21:23:30','2024-10-06 21:23:30'),(10,'9a0de7bf-ebc0-f47c-7841-b294aedcf793','f175b1a1-ca14-9934-7c1c-8ba0d32deaa5','t_aku',12,'2024-10-12 19:35:51','2024-10-12 19:35:51'),(11,'9a0de7bf-ebc0-f47c-7841-b294aedcf793','f175b1a1-ca14-9934-7c1c-8ba0d32deaa5','t_aku',12,'2024-10-12 19:46:24','2024-10-12 19:46:24'),(12,'3b359f28-b32e-f9b3-5c6c-cfac2386e5b6','5d428e08-594e-a2e5-e58e-d81be6d938e5','t_aku',14,'2024-10-12 20:23:22','2024-10-12 20:24:41'),(13,'3b359f28-b32e-f9b3-5c6c-cfac2386e5b6','97319a5f-895b-4b19-1a59-bd40d6ce8e6a','t_data',14,'2024-10-12 20:24:41','2024-10-12 20:25:32'),(14,'3b359f28-b32e-f9b3-5c6c-cfac2386e5b6','5d428e08-594e-a2e5-e58e-d81be6d938e5','t_aku',14,'2024-10-12 20:25:32','2024-10-12 20:25:38'),(15,'3b359f28-b32e-f9b3-5c6c-cfac2386e5b6','5d428e08-594e-a2e5-e58e-d81be6d938e5','t_aku',14,'2024-10-12 20:25:45','2024-10-12 20:26:01'),(16,'3b359f28-b32e-f9b3-5c6c-cfac2386e5b6','97319a5f-895b-4b19-1a59-bd40d6ce8e6a','t_data',14,'2024-10-12 20:26:01','2024-10-12 20:26:13'),(17,'3b359f28-b32e-f9b3-5c6c-cfac2386e5b6','5d428e08-594e-a2e5-e58e-d81be6d938e5','t_aku',14,'2024-10-12 20:26:13','2024-10-12 20:26:45'),(18,'3b359f28-b32e-f9b3-5c6c-cfac2386e5b6','97319a5f-895b-4b19-1a59-bd40d6ce8e6a','t_data',14,'2024-10-12 20:26:45','2024-10-12 20:27:17'),(19,'3b359f28-b32e-f9b3-5c6c-cfac2386e5b6','5d428e08-594e-a2e5-e58e-d81be6d938e5','t_aku',14,'2024-10-12 20:27:17','2024-10-12 20:28:06'),(20,'3b359f28-b32e-f9b3-5c6c-cfac2386e5b6','5d428e08-594e-a2e5-e58e-d81be6d938e5','t_aku',14,'2024-10-12 20:28:06','2024-10-12 20:29:29'),(21,'3b359f28-b32e-f9b3-5c6c-cfac2386e5b6','5d428e08-594e-a2e5-e58e-d81be6d938e5','t_aku',14,'2024-10-12 20:29:29','2024-10-12 20:29:44'),(22,'3b359f28-b32e-f9b3-5c6c-cfac2386e5b6','5d428e08-594e-a2e5-e58e-d81be6d938e5','t_aku',14,'2024-10-12 20:29:44','2024-10-12 20:30:13'),(23,'3b359f28-b32e-f9b3-5c6c-cfac2386e5b6','5d428e08-594e-a2e5-e58e-d81be6d938e5','t_aku',14,'2024-10-12 20:30:13','2024-10-12 20:32:08'),(24,'3b359f28-b32e-f9b3-5c6c-cfac2386e5b6','5d428e08-594e-a2e5-e58e-d81be6d938e5','t_aku',14,'2024-10-12 20:32:08','2024-10-12 20:33:13'),(25,'3b359f28-b32e-f9b3-5c6c-cfac2386e5b6','a4ba9b46-b912-f44b-1b2e-58168fc57ffa','t_data',14,'2024-10-12 20:33:13','2024-10-12 20:39:59'),(26,'3b359f28-b32e-f9b3-5c6c-cfac2386e5b6','a4ba9b46-b912-f44b-1b2e-58168fc57ffa','t_data',14,'2024-10-12 20:40:04','2024-10-12 20:40:14'),(27,'3b359f28-b32e-f9b3-5c6c-cfac2386e5b6','5d428e08-594e-a2e5-e58e-d81be6d938e5','t_aku',13,'2024-10-12 20:40:14','2024-10-12 20:40:14'),(28,'56c56662-bbd6-6ce9-7319-ac61f73ca354','eb82477e-991d-a108-9f4e-598438200307','milladia_u',12,'2025-01-06 16:19:53','2025-01-06 16:19:53'),(29,'56c56662-bbd6-6ce9-7319-ac61f73ca354','eb82477e-991d-a108-9f4e-598438200307','milladia_u',12,'2025-01-06 16:21:34','2025-01-06 16:21:34'),(30,'e8956adf-e53e-e53b-7c61-6294c47971a5','97d69dcb-cd1b-b086-44c5-18d2eebc5ac1','t_aku',14,'2025-03-21 14:24:04','2025-03-21 14:25:47'),(31,'e8956adf-e53e-e53b-7c61-6294c47971a5','97d69dcb-cd1b-b086-44c5-18d2eebc5ac1','t_aku',14,'2025-03-21 14:25:47','2025-03-21 14:28:12'),(32,'e8956adf-e53e-e53b-7c61-6294c47971a5','97d69dcb-cd1b-b086-44c5-18d2eebc5ac1','t_aku',14,'2025-03-21 14:28:12','2025-03-21 14:29:15'),(33,'e8956adf-e53e-e53b-7c61-6294c47971a5','97d69dcb-cd1b-b086-44c5-18d2eebc5ac1','t_aku',14,'2025-03-21 14:29:15','2025-03-21 14:30:56'),(34,'e8956adf-e53e-e53b-7c61-6294c47971a5','97d69dcb-cd1b-b086-44c5-18d2eebc5ac1','t_aku',14,'2025-03-21 14:30:56','2025-03-21 14:31:45'),(35,'e8956adf-e53e-e53b-7c61-6294c47971a5','97d69dcb-cd1b-b086-44c5-18d2eebc5ac1','t_aku',14,'2025-03-21 14:31:45','2025-03-21 14:32:21'),(36,'e8956adf-e53e-e53b-7c61-6294c47971a5','97d69dcb-cd1b-b086-44c5-18d2eebc5ac1','t_aku',14,'2025-03-21 14:32:21','2025-03-21 14:35:56'),(37,'e8956adf-e53e-e53b-7c61-6294c47971a5','97d69dcb-cd1b-b086-44c5-18d2eebc5ac1','t_aku',13,'2025-03-21 14:35:56','2025-03-21 14:35:56'),(38,'afde2aab-8adc-7eda-663c-9ae30ab6303a','8a46768c-da83-01fa-14f4-9ce6ee716904','t_aku',12,'2025-03-22 14:02:34','2025-03-22 14:02:34'),(39,'afde2aab-8adc-7eda-663c-9ae30ab6303a','acde4c94-4f15-cfc2-4b3b-3b196b4819a5','t_aku',12,'2025-03-22 20:17:53','2025-03-22 20:17:53'),(40,'1e6c65f0-0f12-2e45-8ca1-216a12c5ef2e','acde4c94-4f15-cfc2-4b3b-3b196b4819a5','t_aku',12,'2025-03-22 20:22:58','2025-03-22 20:22:58'),(41,'15ea6801-3644-1e33-c5a0-003aabc9e329','acde4c94-4f15-cfc2-4b3b-3b196b4819a5','t_aku',12,'2025-03-22 20:41:42','2025-03-22 20:41:42'),(42,'15ea6801-3644-1e33-c5a0-003aabc9e329','acde4c94-4f15-cfc2-4b3b-3b196b4819a5','t_aku',12,'2025-03-22 20:42:13','2025-03-22 20:42:13'),(43,'d8a97482-1aa6-2999-e14c-0e9bf134cf95','acde4c94-4f15-cfc2-4b3b-3b196b4819a5','t_aku',14,'2025-03-22 20:45:32','2025-03-22 20:46:00'),(44,'d8a97482-1aa6-2999-e14c-0e9bf134cf95','acde4c94-4f15-cfc2-4b3b-3b196b4819a5','t_aku',14,'2025-03-22 20:46:00','2025-03-22 20:46:01'),(45,'d8a97482-1aa6-2999-e14c-0e9bf134cf95','acde4c94-4f15-cfc2-4b3b-3b196b4819a5','t_aku',14,'2025-03-22 20:46:01','2025-03-22 20:46:41'),(46,'d8a97482-1aa6-2999-e14c-0e9bf134cf95','acde4c94-4f15-cfc2-4b3b-3b196b4819a5','t_aku',13,'2025-03-22 20:46:41','2025-03-22 20:46:41'),(47,'d8a97482-1aa6-2999-e14c-0e9bf134cf95','acde4c94-4f15-cfc2-4b3b-3b196b4819a5','t_aku',12,'2025-03-22 20:50:52','2025-03-22 20:50:52'),(48,'943dfb88-08ca-414c-787e-0f524becefef','acde4c94-4f15-cfc2-4b3b-3b196b4819a5','t_aku',13,'2025-03-22 20:51:33','2025-03-22 20:51:33'),(49,'e068c1a3-3e48-e1ed-4971-d55954d0d024','a7f890cf-1598-c9c2-d5ec-c0373e10190c','t_aku',12,'2025-04-03 09:48:11','2025-04-03 09:48:11'),(50,'f9df114b-902d-7971-4705-3b8f15ee2d16','23e34ddb-eab4-5ab5-32ec-d5d3517ad078','t_aku',12,'2025-04-05 21:23:36','2025-04-05 21:23:36');

/*Table structure for table `activity_stock_product` */

DROP TABLE IF EXISTS `activity_stock_product`;

CREATE TABLE `activity_stock_product` (
  `Id` int(10) NOT NULL AUTO_INCREMENT,
  `IdProduct` int(10) DEFAULT NULL,
  `NameProduct` varchar(250) DEFAULT NULL,
  `Stock` double DEFAULT NULL,
  `Type_Stock` varchar(50) DEFAULT NULL,
  `CreatedDate` datetime DEFAULT NULL,
  `CreatedBy` varchar(100) DEFAULT NULL,
  PRIMARY KEY (`Id`)
) ENGINE=InnoDB AUTO_INCREMENT=4 DEFAULT CHARSET=utf8mb4;

/*Data for the table `activity_stock_product` */

insert  into `activity_stock_product`(`Id`,`IdProduct`,`NameProduct`,`Stock`,`Type_Stock`,`CreatedDate`,`CreatedBy`) values (1,2,'Celana Biasa-S',12,'Potong','2024-04-04 02:19:21','achmad_yo'),(2,1,'Celana-S',10,'Kodi','2025-01-06 15:11:32','achmad_yo'),(3,2,'Celana Biasa-S',10,'Kodi','2025-01-06 15:11:44','achmad_yo');

/*Table structure for table `activity_transaction` */

DROP TABLE IF EXISTS `activity_transaction`;

CREATE TABLE `activity_transaction` (
  `Id` int(10) NOT NULL AUTO_INCREMENT,
  `Id_Transaction` varchar(100) DEFAULT NULL,
  `Payment` double DEFAULT 0,
  `OverPay` double DEFAULT 0,
  `ChangePay` double DEFAULT 0,
  `Description` text DEFAULT NULL,
  `Image` text DEFAULT NULL,
  `TypeTransaction` varchar(10) DEFAULT NULL,
  `CreatedDate` datetime DEFAULT NULL,
  `CreatedBy` varchar(100) DEFAULT NULL,
  `Status` int(1) DEFAULT NULL,
  PRIMARY KEY (`Id`)
) ENGINE=InnoDB AUTO_INCREMENT=83 DEFAULT CHARSET=utf8mb4;

/*Data for the table `activity_transaction` */

insert  into `activity_transaction`(`Id`,`Id_Transaction`,`Payment`,`OverPay`,`ChangePay`,`Description`,`Image`,`TypeTransaction`,`CreatedDate`,`CreatedBy`,`Status`) values (1,'863de6b9-ac96-087e-a018-f6dfb1a1832c',0,0,0,'Berhasil Menambahkan Transaksi',NULL,'17','2025-01-06 15:01:42','t_aku',1),(2,'863de6b9-ac96-087e-a018-f6dfb1a1832c',0,0,0,'Berhasil Menambahkan Data Produk Transaksi',NULL,'15','2025-01-06 15:01:53','t_aku',1),(3,'863de6b9-ac96-087e-a018-f6dfb1a1832c',2000,0,1000,'Berhasil Melakukan Pembayaran Transaksi',NULL,'16','2025-01-06 15:02:50','t_aku',1),(4,'56c56662-bbd6-6ce9-7319-ac61f73ca354',0,0,0,'Berhasil Menambahkan Transaksi',NULL,'17','2025-01-06 15:12:45','t_aku',1),(5,'56c56662-bbd6-6ce9-7319-ac61f73ca354',0,0,0,'Berhasil Menambahkan Data Produk Transaksi',NULL,'15','2025-01-06 15:15:27','t_aku',1),(6,'56c56662-bbd6-6ce9-7319-ac61f73ca354',0,0,0,'Berhasil Menambahkan Data Produk Transaksi',NULL,'15','2025-01-06 15:15:57','t_aku',1),(7,'56c56662-bbd6-6ce9-7319-ac61f73ca354',100000,12000,0,'Berhasil Melakukan Pembayaran Transaksi',NULL,'16','2025-01-06 16:06:51','t_aku',1),(8,'56c56662-bbd6-6ce9-7319-ac61f73ca354',5000,7000,0,'Berhasil Melakukan Pembayaran Transaksi',NULL,'16','2025-01-06 16:19:53','milladia_u',1),(9,'56c56662-bbd6-6ce9-7319-ac61f73ca354',7000,0,0,'Berhasil Melakukan Pembayaran Transaksi','Image/Transaction/R-20250106-00002/1736155294_e46bf7a9db6611dae7da.jpg','16','2025-01-06 16:21:34','milladia_u',1),(10,'d30ad06e-0ace-aeb7-baf6-cd2076ebd654',0,0,0,'Berhasil Menambahkan Transaksi',NULL,'17','2025-01-19 16:05:52','t_aku',1),(11,'d30ad06e-0ace-aeb7-baf6-cd2076ebd654',0,0,0,'Berhasil Menambahkan Data Produk Transaksi',NULL,'15','2025-01-19 16:05:58','t_aku',1),(12,'d30ad06e-0ace-aeb7-baf6-cd2076ebd654',3000,0,0,'Berhasil Melakukan Pembayaran Transaksi',NULL,'16','2025-01-19 16:06:12','t_aku',1),(13,'d28c17c0-9e66-94c9-cb58-e25f42583031',0,0,0,'Berhasil Menambahkan Transaksi',NULL,'17','2025-01-19 16:15:10','t_aku',1),(14,'d28c17c0-9e66-94c9-cb58-e25f42583031',0,0,0,'Berhasil Menambahkan Data Produk Transaksi',NULL,'15','2025-01-19 16:15:18','t_aku',1),(15,'d28c17c0-9e66-94c9-cb58-e25f42583031',1000,11000,0,'Berhasil Melakukan Pembayaran Transaksi',NULL,'16','2025-01-19 16:15:43','t_aku',1),(16,'72e82e70-d2af-188b-37a4-c10dcc2789a3',0,0,0,'Berhasil Menambahkan Transaksi',NULL,'17','2025-01-21 09:09:36','t_aku',1),(17,'72e82e70-d2af-188b-37a4-c10dcc2789a3',0,0,0,'Berhasil Menambahkan Data Produk Transaksi',NULL,'15','2025-01-21 09:52:45','t_aku',1),(18,'72e82e70-d2af-188b-37a4-c10dcc2789a3',0,0,0,'Berhasil Memperbarui Data Produk Transaksi',NULL,'19','2025-01-21 09:53:01','t_aku',1),(19,'72e82e70-d2af-188b-37a4-c10dcc2789a3',2000,0,0,'Berhasil Melakukan Pembayaran Transaksi',NULL,'16','2025-01-21 09:53:23','t_aku',1),(20,'b891db3d-5429-b3f7-6e51-f3e0747589ce',0,0,0,'Berhasil Menambahkan Transaksi',NULL,'17','2025-01-21 09:56:27','t_aku',1),(21,'b891db3d-5429-b3f7-6e51-f3e0747589ce',0,0,0,'Berhasil Menambahkan Data Produk Transaksi',NULL,'15','2025-01-23 14:34:17','t_aku',1),(22,'b891db3d-5429-b3f7-6e51-f3e0747589ce',2000,0,1000,'Berhasil Melakukan Pembayaran Transaksi',NULL,'16','2025-03-21 14:12:40','t_aku',1),(23,'e8956adf-e53e-e53b-7c61-6294c47971a5',0,0,0,'Berhasil Menambahkan Transaksi',NULL,'17','2025-03-21 14:23:13','t_aku',1),(24,'e8956adf-e53e-e53b-7c61-6294c47971a5',0,0,0,'Berhasil Menambahkan Data Produk Transaksi',NULL,'15','2025-03-21 14:23:25','t_aku',1),(25,'e8956adf-e53e-e53b-7c61-6294c47971a5',0,0,0,'Berhasil Menyimpan Data Produk Transaksi',NULL,'21','2025-03-21 14:23:36','t_aku',1),(26,'e8956adf-e53e-e53b-7c61-6294c47971a5',5000,0,1000,'Berhasil Melakukan Pembayaran Transaksi',NULL,'16','2025-03-21 14:35:32','t_aku',1),(27,'31c9f7d6-b846-1719-dd97-3188345f62fc',0,0,0,'Berhasil Menambahkan Transaksi',NULL,'17','2025-03-21 14:41:15','t_aku',1),(28,'31c9f7d6-b846-1719-dd97-3188345f62fc',0,0,0,'Berhasil Menambahkan Data Produk Transaksi',NULL,'15','2025-03-21 14:41:32','t_aku',1),(29,'31c9f7d6-b846-1719-dd97-3188345f62fc',20000,0,10000,'Berhasil Melakukan Pembayaran Transaksi',NULL,'16','2025-03-21 14:41:44','t_aku',1),(30,'a32006d7-c3de-5674-03ac-ae34511da05c',0,0,0,'Berhasil Menambahkan Transaksi',NULL,'17','2025-03-21 15:33:35','t_aku',1),(31,'a32006d7-c3de-5674-03ac-ae34511da05c',0,0,0,'Berhasil Menambahkan Data Produk Transaksi',NULL,'15','2025-03-21 15:33:46','t_aku',1),(32,'a32006d7-c3de-5674-03ac-ae34511da05c',0,0,0,'Berhasil Menambahkan Data Produk Transaksi',NULL,'15','2025-03-21 15:33:55','t_aku',1),(33,'a32006d7-c3de-5674-03ac-ae34511da05c',4000,0,2000,'Berhasil Melakukan Pembayaran Transaksi',NULL,'16','2025-03-21 15:34:14','t_aku',1),(34,'c56dedd9-35ff-5d79-eed6-edd67e0e9f08',0,0,0,'Berhasil Menambahkan Transaksi',NULL,'17','2025-03-21 15:34:55','t_aku',1),(35,'c56dedd9-35ff-5d79-eed6-edd67e0e9f08',0,0,0,'Berhasil Menambahkan Data Produk Transaksi',NULL,'15','2025-03-21 15:35:03','t_aku',1),(36,'c56dedd9-35ff-5d79-eed6-edd67e0e9f08',15000,0,5000,'Berhasil Melakukan Pembayaran Transaksi',NULL,'16','2025-03-21 15:35:18','t_aku',1),(37,'afde2aab-8adc-7eda-663c-9ae30ab6303a',0,0,0,'Berhasil Menambahkan Transaksi',NULL,'17','2025-03-22 14:00:16','t_aku',1),(38,'afde2aab-8adc-7eda-663c-9ae30ab6303a',0,0,0,'Berhasil Menambahkan Data Produk Transaksi',NULL,'15','2025-03-22 14:00:28','t_aku',1),(39,'afde2aab-8adc-7eda-663c-9ae30ab6303a',0,0,0,'Berhasil Menambahkan Data Produk Transaksi',NULL,'15','2025-03-22 14:00:35','t_aku',1),(40,'afde2aab-8adc-7eda-663c-9ae30ab6303a',100000,102000,0,'Berhasil Melakukan Pembayaran Transaksi',NULL,'16','2025-03-22 14:00:51','t_aku',1),(41,'afde2aab-8adc-7eda-663c-9ae30ab6303a',20000,82000,0,'Berhasil Melakukan Pembayaran Transaksi',NULL,'16','2025-03-22 14:02:34','t_aku',1),(42,'afde2aab-8adc-7eda-663c-9ae30ab6303a',90000,0,8000,'Berhasil Melakukan Pembayaran Transaksi',NULL,'16','2025-03-22 20:17:53','t_aku',1),(43,'1e6c65f0-0f12-2e45-8ca1-216a12c5ef2e',0,0,0,'Berhasil Menambahkan Transaksi',NULL,'17','2025-03-22 20:21:57','t_aku',1),(44,'1e6c65f0-0f12-2e45-8ca1-216a12c5ef2e',0,0,0,'Berhasil Menambahkan Data Produk Transaksi',NULL,'15','2025-03-22 20:22:04','t_aku',1),(45,'1e6c65f0-0f12-2e45-8ca1-216a12c5ef2e',5000,5000,0,'Berhasil Melakukan Pembayaran Transaksi',NULL,'16','2025-03-22 20:22:15','t_aku',1),(46,'1e6c65f0-0f12-2e45-8ca1-216a12c5ef2e',5000,0,0,'Berhasil Melakukan Pembayaran Transaksi',NULL,'16','2025-03-22 20:22:58','t_aku',1),(47,'ed4d90ba-6c9c-2b2a-b81f-eb6f102d5352',0,0,0,'Berhasil Menambahkan Transaksi',NULL,'17','2025-03-22 20:25:22','t_aku',1),(48,'ed4d90ba-6c9c-2b2a-b81f-eb6f102d5352',0,0,0,'Berhasil Menambahkan Data Produk Transaksi',NULL,'15','2025-03-22 20:25:27','t_aku',1),(49,'ed4d90ba-6c9c-2b2a-b81f-eb6f102d5352',1000,0,0,'Berhasil Melakukan Pembayaran Transaksi','Image/Transaction/R-20250322-00003/1742650604_52623ac8fc588c9cb651.png','16','2025-03-22 20:36:44','t_aku',1),(50,'15ea6801-3644-1e33-c5a0-003aabc9e329',0,0,0,'Berhasil Menambahkan Transaksi',NULL,'17','2025-03-22 20:38:13','t_aku',1),(51,'15ea6801-3644-1e33-c5a0-003aabc9e329',0,0,0,'Berhasil Menambahkan Data Produk Transaksi',NULL,'15','2025-03-22 20:38:19','t_aku',1),(52,'15ea6801-3644-1e33-c5a0-003aabc9e329',100000,100000,0,'Berhasil Melakukan Pembayaran Transaksi','Image/Transaction/R-20250322-00004/1742650719_a25f15f2338ed3f04e41.png','16','2025-03-22 20:38:39','t_aku',1),(53,'15ea6801-3644-1e33-c5a0-003aabc9e329',50000,50000,0,'Berhasil Melakukan Pembayaran Transaksi','Image/Transaction/R-20250322-00004/1742650902_b5eeaa97ed4816356f27.png','16','2025-03-22 20:41:42','t_aku',1),(54,'15ea6801-3644-1e33-c5a0-003aabc9e329',50000,0,0,'Berhasil Melakukan Pembayaran Transaksi','Image/Transaction/R-20250322-00004/1742650933_826367d062d7aad5eab2.png','16','2025-03-22 20:42:13','t_aku',1),(55,'d8a97482-1aa6-2999-e14c-0e9bf134cf95',0,0,0,'Berhasil Menambahkan Transaksi',NULL,'17','2025-03-22 20:45:10','t_aku',1),(56,'d8a97482-1aa6-2999-e14c-0e9bf134cf95',0,0,0,'Berhasil Menambahkan Data Produk Transaksi',NULL,'15','2025-03-22 20:45:19','t_aku',1),(57,'d8a97482-1aa6-2999-e14c-0e9bf134cf95',0,0,0,'Berhasil Menyimpan Data Produk Transaksi',NULL,'21','2025-03-22 20:45:23','t_aku',1),(58,'d8a97482-1aa6-2999-e14c-0e9bf134cf95',10000,10000,0,'Berhasil Melakukan Pembayaran Transaksi','Image/Transaction/R-20250322-00005/1742651193_4caaeba661ee607b6836.png','16','2025-03-22 20:46:33','t_aku',1),(59,'d8a97482-1aa6-2999-e14c-0e9bf134cf95',10000,0,0,'Berhasil Melakukan Pembayaran Transaksi','Image/Transaction/R-20250322-00005/1742651452_9dc09e704cbb214687cb.png','16','2025-03-22 20:50:52','t_aku',1),(60,'943dfb88-08ca-414c-787e-0f524becefef',0,0,0,'Berhasil Menambahkan Transaksi',NULL,'17','2025-03-22 20:51:09','t_aku',1),(61,'943dfb88-08ca-414c-787e-0f524becefef',0,0,0,'Berhasil Menambahkan Data Produk Transaksi',NULL,'15','2025-03-22 20:51:14','t_aku',1),(62,'943dfb88-08ca-414c-787e-0f524becefef',0,0,0,'Berhasil Menyimpan Data Produk Transaksi',NULL,'21','2025-03-22 20:51:26','t_aku',1),(63,'943dfb88-08ca-414c-787e-0f524becefef',10000,0,0,'Berhasil Melakukan Pembayaran Transaksi','Image/Transaction/R-20250322-00006/1742651535_df8bf3425ce4fb7f51c0.png','16','2025-03-22 20:52:15','t_aku',1),(64,'e068c1a3-3e48-e1ed-4971-d55954d0d024',0,0,0,'Berhasil Menambahkan Transaksi',NULL,'17','2025-04-03 09:44:04','t_aku',1),(65,'e068c1a3-3e48-e1ed-4971-d55954d0d024',0,0,0,'Berhasil Menambahkan Data Produk Transaksi',NULL,'15','2025-04-03 09:44:10','t_aku',1),(66,'e068c1a3-3e48-e1ed-4971-d55954d0d024',0,0,0,'Berhasil Menambahkan Data Produk Transaksi',NULL,'15','2025-04-03 09:44:15','t_aku',1),(67,'e068c1a3-3e48-e1ed-4971-d55954d0d024',0,0,0,'Berhasil Menambahkan Data Produk Transaksi',NULL,'15','2025-04-03 09:44:20','t_aku',1),(68,'e068c1a3-3e48-e1ed-4971-d55954d0d024',0,0,0,'Berhasil Menambahkan Data Produk Transaksi',NULL,'15','2025-04-03 09:44:25','t_aku',1),(69,'e068c1a3-3e48-e1ed-4971-d55954d0d024',0,0,0,'Berhasil Menambahkan Data Produk Transaksi',NULL,'15','2025-04-03 09:44:35','t_aku',1),(70,'e068c1a3-3e48-e1ed-4971-d55954d0d024',100000,172000,0,'Berhasil Melakukan Pembayaran Transaksi',NULL,'16','2025-04-03 09:44:52','t_aku',1),(71,'e068c1a3-3e48-e1ed-4971-d55954d0d024',173000,0,1000,'Berhasil Melakukan Pembayaran Transaksi',NULL,'16','2025-04-03 09:48:11','t_aku',1),(72,'8169ca29-11e9-05bf-abc7-f9dc113df870',0,0,0,'Berhasil Menambahkan Transaksi',NULL,'17','2025-04-05 09:31:44','t_aku',1),(73,'8169ca29-11e9-05bf-abc7-f9dc113df870',0,0,0,'Berhasil Menambahkan Data Produk Transaksi',NULL,'15','2025-04-05 20:45:49','t_aku',1),(74,'8169ca29-11e9-05bf-abc7-f9dc113df870',0,0,0,'Berhasil Menambahkan Data Produk Transaksi',NULL,'15','2025-04-05 20:45:58','t_aku',1),(75,'8169ca29-11e9-05bf-abc7-f9dc113df870',0,0,0,'Berhasil Membatalkan Transaksi',NULL,'18','2025-04-05 21:18:57','t_aku',1),(76,'f9df114b-902d-7971-4705-3b8f15ee2d16',0,0,0,'Berhasil Menambahkan Transaksi',NULL,'17','2025-04-05 21:19:53','t_aku',1),(77,'f9df114b-902d-7971-4705-3b8f15ee2d16',0,0,0,'Berhasil Menambahkan Data Produk Transaksi',NULL,'15','2025-04-05 21:20:43','t_aku',1),(78,'f9df114b-902d-7971-4705-3b8f15ee2d16',5000,5000,0,'Berhasil Melakukan Pembayaran Transaksi',NULL,'16','2025-04-05 21:22:26','t_aku',1),(79,'f9df114b-902d-7971-4705-3b8f15ee2d16',3000,2000,0,'Berhasil Melakukan Pembayaran Transaksi',NULL,'16','2025-04-05 21:23:36','t_aku',1),(80,'c7a2227a-eb1b-e4a2-dcb9-3ddd85e5aef5',0,0,0,'Berhasil Menambahkan Transaksi',NULL,'17','2025-04-05 21:24:15','t_aku',1),(81,'c7a2227a-eb1b-e4a2-dcb9-3ddd85e5aef5',0,0,0,'Berhasil Menambahkan Data Produk Transaksi',NULL,'15','2025-04-05 21:24:28','t_aku',1),(82,'c7a2227a-eb1b-e4a2-dcb9-3ddd85e5aef5',15000,0,3000,'Berhasil Melakukan Pembayaran Transaksi','Image/Transaction/R-20250405-00003/1743863097_71bd091e2d1c441cfe32.png','16','2025-04-05 21:24:57','t_aku',1);

/*Table structure for table `m_account_customer` */

DROP TABLE IF EXISTS `m_account_customer`;

CREATE TABLE `m_account_customer` (
  `Username` varchar(100) DEFAULT NULL,
  `IdCustomer` varchar(10) DEFAULT NULL,
  `Telephone` varchar(20) NOT NULL,
  `Password` text DEFAULT NULL
) ENGINE=InnoDB DEFAULT CHARSET=utf8mb4;

/*Data for the table `m_account_customer` */

insert  into `m_account_customer`(`Username`,`IdCustomer`,`Telephone`,`Password`) values (NULL,'C-1','+62895617828630','25f9e794323b453885f5181f1b624d0b'),(NULL,'C-2','+62895617828631','25d55ad283aa400af464c76d713c07ad'),(NULL,'C-3','+62895617828634','25d55ad283aa400af464c76d713c07ad'),(NULL,'C-4','+6281234567890','25d55ad283aa400af464c76d713c07ad'),(NULL,'C-5','+6280987654321','25d55ad283aa400af464c76d713c07ad'),(NULL,'C-6','+6283214567890','25d55ad283aa400af464c76d713c07ad');

/*Table structure for table `m_account_employee` */

DROP TABLE IF EXISTS `m_account_employee`;

CREATE TABLE `m_account_employee` (
  `Username` varchar(100) NOT NULL,
  `Password` text DEFAULT NULL,
  `Status` int(1) DEFAULT NULL,
  `IdSession` text DEFAULT NULL,
  `LastActive` datetime DEFAULT NULL,
  PRIMARY KEY (`Username`)
) ENGINE=InnoDB DEFAULT CHARSET=utf8mb4;

/*Data for the table `m_account_employee` */

insert  into `m_account_employee`(`Username`,`Password`,`Status`,`IdSession`,`LastActive`) values ('achmad_yo','25d55ad283aa400af464c76d713c07ad',NULL,NULL,'2025-04-05 21:26:59'),('carudi','25d55ad283aa400af464c76d713c07ad',NULL,'c28e0d30-92ea-b277-2518-f6805ca41a2d','2025-04-05 21:27:32'),('milladia_u','25d55ad283aa400af464c76d713c07ad',NULL,NULL,'2025-03-22 21:56:44'),('mustakim','25d55ad283aa400af464c76d713c07ad',NULL,NULL,'2024-12-23 10:32:37'),('testdata','25d55ad283aa400af464c76d713c07ad',NULL,NULL,'2024-10-14 14:35:12'),('t_aku','25d55ad283aa400af464c76d713c07ad',NULL,'23e34ddb-eab4-5ab5-32ec-d5d3517ad078','2025-04-05 21:25:39'),('t_data','25d55ad283aa400af464c76d713c07ad',NULL,NULL,'2024-10-14 14:35:12');

/*Table structure for table `m_bank` */

DROP TABLE IF EXISTS `m_bank`;

CREATE TABLE `m_bank` (
  `Id` int(5) NOT NULL AUTO_INCREMENT,
  `Name` varchar(100) DEFAULT NULL,
  `Status` int(1) DEFAULT 1,
  `CreatedDate` datetime DEFAULT NULL,
  `CreatedBy` varchar(100) DEFAULT NULL,
  PRIMARY KEY (`Id`)
) ENGINE=InnoDB AUTO_INCREMENT=5 DEFAULT CHARSET=utf8mb4;

/*Data for the table `m_bank` */

insert  into `m_bank`(`Id`,`Name`,`Status`,`CreatedDate`,`CreatedBy`) values (1,'Bank Mandiri',1,'2024-07-30 16:44:42','root'),(2,'Bank BRI',1,'2024-07-30 16:44:42','root'),(3,'Bank BNI',1,'2024-07-30 16:44:42','root'),(4,'Bank BCA',1,'2024-07-30 16:44:42','root');

/*Table structure for table `m_customer` */

DROP TABLE IF EXISTS `m_customer`;

CREATE TABLE `m_customer` (
  `Id` varchar(10) NOT NULL,
  `Slug` varchar(20) DEFAULT NULL,
  `Name` varchar(100) DEFAULT NULL,
  `Username` varchar(100) DEFAULT NULL,
  `Telephone` varchar(20) DEFAULT NULL,
  `Country_Telephone` varchar(100) DEFAULT NULL,
  `Email` varchar(100) DEFAULT NULL,
  `Gender` int(11) DEFAULT NULL,
  `Image` text DEFAULT NULL,
  `Address` text DEFAULT NULL,
  `Status` int(1) DEFAULT NULL,
  `CreatedDate` datetime DEFAULT NULL,
  `CreatedBy` varchar(100) DEFAULT NULL,
  `ModifiedDate` datetime DEFAULT NULL,
  `ModifiedBy` varchar(100) DEFAULT NULL,
  PRIMARY KEY (`Id`)
) ENGINE=InnoDB DEFAULT CHARSET=utf8mb4;

/*Data for the table `m_customer` */

insert  into `m_customer`(`Id`,`Slug`,`Name`,`Username`,`Telephone`,`Country_Telephone`,`Email`,`Gender`,`Image`,`Address`,`Status`,`CreatedDate`,`CreatedBy`,`ModifiedDate`,`ModifiedBy`) values ('C-1','GLDv28NzuW','Achmad Yuszril ',NULL,'+62895617828630','id','',1,NULL,'dwdwdw',1,'2024-02-25 13:47:27','achmad_yo-E','2025-04-05 09:23:13','achmad_yo-E'),('C-2','rY35fTYV12','Mila',NULL,'+62895617828631','id',NULL,NULL,NULL,'Tes Data',1,'2024-04-27 14:49:03','t_aku-E','2024-04-27 14:49:03','t_aku-E'),('C-3','lR4nPp4NBK','Ananta',NULL,'+62895617828634','id','',1,NULL,'Tes Data',1,'2024-04-27 14:49:42','t_aku-E','2025-04-04 15:45:09','achmad_yo-E'),('C-4','u8yJn1kwdU','Pembeli Umum',NULL,'+6281234567890','id','',NULL,NULL,'Jalan',1,'2025-04-05 09:24:01','achmad_yo-E','2025-04-05 09:24:01','achmad_yo-E'),('C-5','tF4jQdtXO9','Tes Data',NULL,'+6280987654321','id','',NULL,NULL,'Jalan Jalan',1,'2025-04-05 09:26:02','achmad_yo-E','2025-04-05 09:26:02','achmad_yo-E'),('C-6','q1dKzjNPFF','Syula',NULL,'+6283214567890','id',NULL,NULL,NULL,'Jalan',1,'2025-04-05 09:30:45','t_aku-E','2025-04-05 09:30:45','t_aku-E');

/*Table structure for table `m_customer_price_product` */

DROP TABLE IF EXISTS `m_customer_price_product`;

CREATE TABLE `m_customer_price_product` (
  `Id` int(10) NOT NULL AUTO_INCREMENT,
  `Id_Product` int(10) DEFAULT NULL,
  `Id_Price_Product` int(10) DEFAULT NULL,
  `Id_Customer` varchar(100) DEFAULT NULL,
  `Status` int(1) DEFAULT NULL,
  `CreatedDate` datetime DEFAULT NULL,
  `CreatedBy` varchar(100) DEFAULT NULL,
  `ModifiedDate` datetime DEFAULT NULL,
  `ModifiedBy` varchar(100) DEFAULT NULL,
  PRIMARY KEY (`Id`)
) ENGINE=InnoDB AUTO_INCREMENT=33 DEFAULT CHARSET=utf8mb4;

/*Data for the table `m_customer_price_product` */

insert  into `m_customer_price_product`(`Id`,`Id_Product`,`Id_Price_Product`,`Id_Customer`,`Status`,`CreatedDate`,`CreatedBy`,`ModifiedDate`,`ModifiedBy`) values (22,1,2,'C-1',1,'2024-05-20 10:46:10','t_aku','2024-05-20 10:46:10','t_aku'),(26,2,3,'C-1',1,'2024-07-21 14:34:59','t_aku','2024-07-21 14:34:59','t_aku'),(28,2,3,'C-2',1,'2025-03-13 19:34:46','t_aku','2025-03-13 19:34:46','t_aku'),(29,1,1,'C-2',1,'2025-03-22 14:00:24','t_aku','2025-03-22 14:00:24','t_aku'),(31,1,2,'C-3',1,'2025-04-05 21:20:24','t_aku','2025-04-05 21:20:24','t_aku'),(32,1,1,'C-6',1,'2025-04-05 21:26:23','achmad_yo','2025-04-05 21:26:23','achmad_yo');

/*Table structure for table `m_employee` */

DROP TABLE IF EXISTS `m_employee`;

CREATE TABLE `m_employee` (
  `Id` int(10) NOT NULL AUTO_INCREMENT,
  `Slug` varchar(50) DEFAULT NULL,
  `Name` varchar(100) DEFAULT NULL,
  `Username` varchar(100) NOT NULL,
  `Telephone` varchar(20) DEFAULT NULL,
  `Country_Telephone` varchar(100) DEFAULT NULL,
  `Email` varchar(100) DEFAULT NULL,
  `Gender` int(1) DEFAULT NULL,
  `ImageProfile` text DEFAULT NULL,
  `Address` text DEFAULT NULL,
  `Status` int(1) NOT NULL,
  `Superior` varchar(100) DEFAULT NULL,
  `IdPosition` int(5) DEFAULT NULL,
  `IdRole` int(5) DEFAULT NULL,
  `Root` int(1) DEFAULT NULL,
  `CreatedDate` datetime DEFAULT NULL,
  `CreatedBy` varchar(100) DEFAULT NULL,
  `ModifiedDate` datetime DEFAULT NULL,
  `ModifiedBy` varchar(100) DEFAULT NULL,
  PRIMARY KEY (`Id`,`Username`,`Status`)
) ENGINE=InnoDB AUTO_INCREMENT=8 DEFAULT CHARSET=utf8mb4;

/*Data for the table `m_employee` */

insert  into `m_employee`(`Id`,`Slug`,`Name`,`Username`,`Telephone`,`Country_Telephone`,`Email`,`Gender`,`ImageProfile`,`Address`,`Status`,`Superior`,`IdPosition`,`IdRole`,`Root`,`CreatedDate`,`CreatedBy`,`ModifiedDate`,`ModifiedBy`) values (1,'GuUB5ogKkO','Achmad Yuszril Oiszy','achmad_yo','+62895617828631','id','achyuszril@gmail.com',1,'Image/Employe/GuUB5ogKkO/1713627720_450b59f7b92c71163153.png','Jalan Sikayu',1,NULL,2,3,1,'2024-01-28 15:34:46','Root','2024-04-21 00:56:59','achmad_yo'),(2,'vYYw90a0Ee','Milladia Utami','milladia_u','+6289561782634','id','',2,NULL,'Jalan Sikayu',1,NULL,3,2,1,'2024-02-25 15:34:57','achmad_yo','2024-02-25 15:34:57','achmad_yo'),(3,'Y5oQDRP47h','Mustakim','mustakim','+62895617828632','id','',1,NULL,'Jalan Sikayu',1,NULL,3,2,0,'2024-02-25 15:47:25','achmad_yo','2024-03-12 13:50:15','achmad_yo'),(4,'ivHMxYSOXT','Test Data Satu','t_data','+62895617828634','id','',1,NULL,'Jalan Sikayu Aja',1,'milladia_u',2,2,0,'2024-03-02 22:01:22','achmad_yo','2024-03-09 21:50:55','achmad_yo'),(5,'W6J1XXRoGE','Test Data Dua','t_aku','+62895617828636','id','',1,'Image/Employe/W6J1XXRoGE/1716052361_00fec620b50c2e5a4b5c.jpeg','Jalan Sikayu',1,'milladia_u',2,2,0,'2024-03-02 22:03:00','achmad_yo','2024-05-19 00:12:41','t_aku'),(6,'KGfes4BSAU','Carudi','carudi','+62895617828633','id','',1,NULL,'Jalan Sikayu',1,NULL,1,1,1,'2024-03-03 00:23:24','achmad_yo','2024-03-03 00:23:24','achmad_yo'),(7,'XfLS27nlB9','Test Data Tiga','testdata','+62895617828630','id','',1,NULL,'test',1,'milladia_u',2,2,0,'2024-03-03 00:35:42','achmad_yo','2024-03-09 21:50:55','achmad_yo');

/*Table structure for table `m_material_product` */

DROP TABLE IF EXISTS `m_material_product`;

CREATE TABLE `m_material_product` (
  `Id` int(5) NOT NULL AUTO_INCREMENT,
  `Name` varchar(100) DEFAULT NULL,
  `Description` text DEFAULT NULL,
  `Status` int(1) DEFAULT NULL,
  `CreatedDate` datetime DEFAULT NULL,
  `CreatedBy` varchar(100) DEFAULT NULL,
  `ModifiedDate` datetime DEFAULT NULL,
  `ModifiedBy` varchar(100) DEFAULT NULL,
  PRIMARY KEY (`Id`)
) ENGINE=InnoDB AUTO_INCREMENT=2 DEFAULT CHARSET=utf8mb4;

/*Data for the table `m_material_product` */

insert  into `m_material_product`(`Id`,`Name`,`Description`,`Status`,`CreatedDate`,`CreatedBy`,`ModifiedDate`,`ModifiedBy`) values (1,'Katun','Katun Aja',1,'2024-03-16 22:16:12','achmad_yo','2024-03-16 22:16:32','achmad_yo');

/*Table structure for table `m_payment_method` */

DROP TABLE IF EXISTS `m_payment_method`;

CREATE TABLE `m_payment_method` (
  `Id` int(10) NOT NULL AUTO_INCREMENT,
  `Name` varchar(100) DEFAULT NULL,
  `Id_Bank` int(5) DEFAULT NULL,
  `Number_Account` varchar(30) DEFAULT NULL,
  `Status` int(1) DEFAULT NULL,
  `CreatedBy` varchar(100) DEFAULT NULL,
  `CreatedDate` datetime DEFAULT NULL,
  `ModifiedBy` varchar(100) DEFAULT NULL,
  `ModifiedDate` datetime DEFAULT NULL,
  PRIMARY KEY (`Id`)
) ENGINE=InnoDB AUTO_INCREMENT=3 DEFAULT CHARSET=utf8mb4;

/*Data for the table `m_payment_method` */

insert  into `m_payment_method`(`Id`,`Name`,`Id_Bank`,`Number_Account`,`Status`,`CreatedBy`,`CreatedDate`,`ModifiedBy`,`ModifiedDate`) values (1,'Miladia Utami',1,'122322424141',1,'achmad_yo','2024-06-01 20:24:11','achmad_yo','2024-06-01 20:24:11'),(2,'Yuszril',1,'122322424142',1,'achmad_yo','2024-06-01 20:27:28','achmad_yo','2024-06-03 13:42:07');

/*Table structure for table `m_position` */

DROP TABLE IF EXISTS `m_position`;

CREATE TABLE `m_position` (
  `Id` int(5) NOT NULL AUTO_INCREMENT,
  `Name` varchar(100) DEFAULT NULL,
  `Description` text DEFAULT NULL,
  `Level` int(5) DEFAULT NULL,
  `Status` int(1) DEFAULT NULL,
  `CreatedDate` datetime DEFAULT NULL,
  `CreatedBy` varchar(100) DEFAULT NULL,
  `ModifiedDate` datetime DEFAULT NULL,
  `ModifiedBy` varchar(100) DEFAULT NULL,
  PRIMARY KEY (`Id`)
) ENGINE=InnoDB AUTO_INCREMENT=4 DEFAULT CHARSET=utf8mb4;

/*Data for the table `m_position` */

insert  into `m_position`(`Id`,`Name`,`Description`,`Level`,`Status`,`CreatedDate`,`CreatedBy`,`ModifiedDate`,`ModifiedBy`) values (1,'Owner','Pemilik Perusahaan',3,1,'2024-01-28 15:32:30','Root','2024-01-28 15:32:36','Root'),(2,'Staf','Staf Umum',1,1,'2024-01-28 15:33:10','Root','2024-01-28 15:33:16','Root'),(3,'Manager','Manager',2,1,'2024-02-17 22:09:24','Root','2024-02-17 22:09:31','Root');

/*Table structure for table `m_price_product` */

DROP TABLE IF EXISTS `m_price_product`;

CREATE TABLE `m_price_product` (
  `Id` int(10) NOT NULL AUTO_INCREMENT,
  `Id_Product` int(10) DEFAULT NULL,
  `Name` text DEFAULT NULL,
  `Per_Piece` double DEFAULT NULL,
  `Per_Dozen` double DEFAULT NULL,
  `Per_Kodi` double DEFAULT NULL,
  `Status` int(11) DEFAULT NULL,
  `CreatedDate` datetime DEFAULT NULL,
  `CreatedBy` varchar(100) DEFAULT NULL,
  `ModifiedDate` datetime DEFAULT NULL,
  `ModifiedBy` varchar(100) DEFAULT NULL,
  PRIMARY KEY (`Id`)
) ENGINE=InnoDB AUTO_INCREMENT=4 DEFAULT CHARSET=utf8mb4;

/*Data for the table `m_price_product` */

insert  into `m_price_product`(`Id`,`Id_Product`,`Name`,`Per_Piece`,`Per_Dozen`,`Per_Kodi`,`Status`,`CreatedDate`,`CreatedBy`,`ModifiedDate`,`ModifiedBy`) values (1,1,'Khusus 1',20000,200000,10000,1,'2024-03-28 23:49:21','achmad_yo','2024-03-29 01:29:10','achmad_yo'),(2,1,'Khusus 2',10000,10000,1000,1,'2024-03-29 04:20:12','achmad_yo','2024-05-20 11:59:00','achmad_yo'),(3,2,'Harga Khusus 1',1000,1000,1000,1,'2024-03-29 22:05:26','achmad_yo','2024-05-18 21:05:48','achmad_yo');

/*Table structure for table `m_product` */

DROP TABLE IF EXISTS `m_product`;

CREATE TABLE `m_product` (
  `Id` int(10) NOT NULL AUTO_INCREMENT,
  `Name` text DEFAULT NULL,
  `Id_Type_Product` int(5) DEFAULT NULL,
  `Id_Material_Product` int(5) DEFAULT NULL,
  `Size` varchar(100) DEFAULT NULL,
  `Limit` double DEFAULT NULL,
  `TypeLimit` int(2) DEFAULT NULL,
  `Image` text DEFAULT NULL,
  `Slug` text DEFAULT NULL,
  `CodeQr` text DEFAULT NULL,
  `Capital_Price` double DEFAULT NULL,
  `Per_Piece` double DEFAULT NULL,
  `Per_Doze` double DEFAULT NULL,
  `Per_Kodi` double DEFAULT NULL,
  `Stock` double DEFAULT NULL,
  `TypeStock` int(2) DEFAULT NULL,
  `Stock_Piece` double DEFAULT NULL,
  `Status` int(1) DEFAULT NULL,
  `CreatedDate` datetime DEFAULT NULL,
  `CreatedBy` varchar(100) DEFAULT NULL,
  `ModifiedDate` datetime DEFAULT NULL,
  `ModifiedBy` varchar(100) DEFAULT NULL,
  PRIMARY KEY (`Id`)
) ENGINE=InnoDB AUTO_INCREMENT=4 DEFAULT CHARSET=utf8mb4;

/*Data for the table `m_product` */

insert  into `m_product`(`Id`,`Name`,`Id_Type_Product`,`Id_Material_Product`,`Size`,`Limit`,`TypeLimit`,`Image`,`Slug`,`CodeQr`,`Capital_Price`,`Per_Piece`,`Per_Doze`,`Per_Kodi`,`Stock`,`TypeStock`,`Stock_Piece`,`Status`,`CreatedDate`,`CreatedBy`,`ModifiedDate`,`ModifiedBy`) values (1,'Celana',1,1,'S',10,1,NULL,'celana-s','7cfee3fc-d98c-9bcb-3b1b-35e2306d425d',0,10000,1000,30000,117,1,117,1,'2024-03-25 03:15:31',NULL,'2025-02-06 09:43:06','t_aku'),(2,'Celana Biasa',1,1,'S',10,1,'Image/Product/e4b57bb4-fdd8-8c5b-bf28-83e38e6c5f99/1736998224_484576cef561dc704c07.jpg','celana biasa-s','e4b57bb4-fdd8-8c5b-bf28-83e38e6c5f99',100000,21000,30000,40000,124,1,124,1,'2024-03-25 03:18:13','achmad_yo','2025-01-21 09:52:16','t_aku'),(3,'Joger',1,1,'L',5,1,NULL,'joger-l','77febf8a-e3e3-031f-95c0-e4da6ccddfa0',10000,2000,10000,30000,40,1,40,1,'2025-04-03 10:03:02','achmad_yo','2025-04-03 10:03:02','achmad_yo');

/*Table structure for table `m_role` */

DROP TABLE IF EXISTS `m_role`;

CREATE TABLE `m_role` (
  `Id` int(5) NOT NULL AUTO_INCREMENT,
  `Name` varchar(100) DEFAULT NULL,
  `Description` text DEFAULT NULL,
  `Status` int(1) DEFAULT NULL,
  `CreatedDate` datetime DEFAULT NULL,
  `CreatedBy` varchar(100) DEFAULT NULL,
  `ModifiedDate` datetime DEFAULT NULL,
  `ModifiedBy` varchar(100) DEFAULT NULL,
  PRIMARY KEY (`Id`)
) ENGINE=InnoDB AUTO_INCREMENT=4 DEFAULT CHARSET=utf8mb4;

/*Data for the table `m_role` */

insert  into `m_role`(`Id`,`Name`,`Description`,`Status`,`CreatedDate`,`CreatedBy`,`ModifiedDate`,`ModifiedBy`) values (1,'Owner','Pemilik Perusahaan',1,'2024-01-28 15:30:25','Root','2024-01-28 15:30:18','Root'),(2,'Kasir','Bagian Kasir',1,'2024-01-28 15:30:58','Root','2024-01-28 15:31:05','Root'),(3,'Administrator','Administrator',1,'2024-01-28 15:31:32','Root','2024-01-28 15:31:38','Root');

/*Table structure for table `m_role_position` */

DROP TABLE IF EXISTS `m_role_position`;

CREATE TABLE `m_role_position` (
  `Id` int(5) NOT NULL AUTO_INCREMENT,
  `IdRole` int(5) DEFAULT NULL,
  `IdPosition` int(5) DEFAULT NULL,
  `Superior` int(5) DEFAULT NULL,
  `Status` int(1) DEFAULT NULL,
  `CreatedDate` datetime DEFAULT NULL,
  `CreatedBy` varchar(100) DEFAULT NULL,
  PRIMARY KEY (`Id`)
) ENGINE=InnoDB AUTO_INCREMENT=4 DEFAULT CHARSET=utf8mb4;

/*Data for the table `m_role_position` */

insert  into `m_role_position`(`Id`,`IdRole`,`IdPosition`,`Superior`,`Status`,`CreatedDate`,`CreatedBy`) values (2,2,2,3,1,'2024-02-18 10:17:10','Root'),(3,2,3,0,1,'2024-02-18 10:17:12','Root');

/*Table structure for table `m_status` */

DROP TABLE IF EXISTS `m_status`;

CREATE TABLE `m_status` (
  `Id` int(5) NOT NULL AUTO_INCREMENT,
  `Name` varchar(100) DEFAULT NULL,
  `Type` varchar(50) DEFAULT NULL,
  `Description` text DEFAULT NULL,
  `CreatedDate` datetime DEFAULT NULL,
  `CreatedBy` varchar(100) DEFAULT NULL,
  `ModifiedDate` datetime DEFAULT NULL,
  `ModifiedBy` varchar(100) DEFAULT NULL,
  PRIMARY KEY (`Id`)
) ENGINE=InnoDB AUTO_INCREMENT=9 DEFAULT CHARSET=utf8mb4;

/*Data for the table `m_status` */

insert  into `m_status`(`Id`,`Name`,`Type`,`Description`,`CreatedDate`,`CreatedBy`,`ModifiedDate`,`ModifiedBy`) values (1,'Tambah','Produk','Menambahkan Produk','2025-01-14 09:12:08','root','2025-01-14 09:12:08','root'),(2,'Edit','Produk','Memperbarui Data Produk','2025-01-14 09:12:08','root','2025-01-14 09:12:08','root'),(3,'Penambahan Stok','Produk','Menambahkan stok produk','2025-01-14 09:12:08','root','2025-01-14 09:12:08','root'),(4,'Pengurangan Stok','Produk','Mengurangi stok produk','2025-01-14 09:12:08','root','2025-01-14 09:12:08','root'),(5,'Penambahan Member Harga Custom','Produk','Menambahkan Member Harga Custom','2025-01-14 09:12:08','root','2025-01-14 09:12:08','root'),(6,'Penghapusan Member Harga Custom','Produk','Menghapus member harga custom','2025-01-14 09:12:08','root','2025-01-14 09:12:08','root'),(7,'Penambahan Harga Custom','Produk','Menambahkan Data Harga Custom','2025-01-14 09:12:08','root','2025-01-14 09:12:08','root'),(8,'Perbaruan Harga Custom','Produk','Memperbarui Data Harga Custom','2025-01-14 09:12:08','root','2025-01-14 09:12:08','root');

/*Table structure for table `m_status_transaction` */

DROP TABLE IF EXISTS `m_status_transaction`;

CREATE TABLE `m_status_transaction` (
  `Id` int(5) NOT NULL AUTO_INCREMENT,
  `Name` varchar(100) DEFAULT NULL,
  `Type` varchar(100) DEFAULT NULL,
  `Descroption` text DEFAULT NULL,
  `CreatedDate` datetime DEFAULT NULL,
  `CreatedBy` varchar(100) DEFAULT NULL,
  `ModifiedDate` datetime DEFAULT NULL,
  `ModifiedBy` varchar(100) DEFAULT NULL,
  PRIMARY KEY (`Id`)
) ENGINE=InnoDB AUTO_INCREMENT=22 DEFAULT CHARSET=utf8mb4;

/*Data for the table `m_status_transaction` */

insert  into `m_status_transaction`(`Id`,`Name`,`Type`,`Descroption`,`CreatedDate`,`CreatedBy`,`ModifiedDate`,`ModifiedBy`) values (1,'Draft','Transaksi','Transaksi Masih Dalam Draft','2024-05-11 18:40:34','root','2024-05-11 18:40:42','root'),(2,'Simpan','Transaksi','Transaksi sudah di proses namun masih tersimpan','2024-05-11 18:40:34','root','2024-05-11 18:40:42','root'),(3,'Cancel','Transaksi','Transaksi di batalkan','2024-05-11 18:40:34','root','2024-05-11 18:40:42','root'),(4,'Terbayar','Transaksi','Transaksi sudah lunas','2024-05-11 18:40:34','root','2024-05-11 18:40:42','root'),(5,'Hutang','Transaksi','Transaksi sudah selesai namun belum terbayar semua','2024-05-11 18:40:34','root','2024-05-11 18:40:42','root'),(6,'Teruskan','Transaksi','Transaksi sudah diteruskan ke transaksi selanjutnya','2024-05-11 18:40:34','root','2024-05-11 18:40:42','root'),(7,'Simpan','Keranjang','Produk pada keranjang sudah tersimpan','2024-05-11 18:40:34','root','2024-05-11 18:40:42','root'),(8,'Terbayar','Keranjang','Produk pada keranjang sudah terbayar','2024-05-11 18:40:34','root','2024-05-11 18:40:42','root'),(9,'Batal','Keranjang','Produk pada keranjang dibatalkan','2024-05-11 18:40:34','root','2024-05-11 18:40:42','root'),(10,'Draft','Keranjang','Produk pada keranjang masih draf','2024-05-11 18:40:34','root','2024-05-11 18:40:42','root'),(11,'Proses','Pembayaran','User Sedang Melakukan Pembayaran','2024-05-11 18:40:34','root','2024-05-11 18:40:42','root'),(12,'Berhasil','Pembayaran','User Berhasil Melakukan Pembayaran','2024-05-11 18:40:34','root','2024-05-11 18:40:34','root'),(13,'Buka Transaksi','Transaksi','User Membuka Transaksi','2024-05-11 18:40:34','root','2024-05-11 18:40:34','root'),(14,'Tutup Transaksi','Transaksi','User Menutup Transaksi			','2024-05-11 18:40:34','root','2024-05-11 18:40:34','root'),(15,'Tambah Item','Activity Transaksi','Menambahkan item pada transaksi','2024-05-11 18:40:34','root','2024-05-11 18:40:34','root'),(16,'Bayar','Activity Transaksi','Membayar transaksi','2024-05-11 18:40:34','root','2024-05-11 18:40:34','root'),(17,'Create','Activity Transaksi','Membuat Transaksi','2024-05-11 18:40:34','root','2024-05-11 18:40:34','root'),(18,'Batal','Activity Transaksi','Membatalkan Transaksi','2024-05-11 18:40:34','root','2024-05-11 18:40:34','root'),(19,'Update Item','Activity Transaksi','Memperbarui Item pada Transaksi','2024-05-11 18:40:34','root','2024-05-11 18:40:34','root'),(20,'Delete Item','Activity Transaksi','Menghapus item pada transaksi','2024-05-11 18:40:34','root','2024-05-11 18:40:34','root'),(21,'Save','Activity Transaksi','Menyimpan data transaksi','2024-05-11 18:40:34','root','2024-05-11 18:40:34','root');

/*Table structure for table `m_type_item` */

DROP TABLE IF EXISTS `m_type_item`;

CREATE TABLE `m_type_item` (
  `Id` int(4) NOT NULL AUTO_INCREMENT,
  `Name` varchar(20) DEFAULT NULL,
  `singkatan` varchar(10) DEFAULT NULL,
  `Per_Piece` double DEFAULT NULL,
  `Status` int(2) DEFAULT NULL,
  `CreatedBy` varchar(20) DEFAULT NULL,
  `CreatedDate` datetime DEFAULT NULL,
  PRIMARY KEY (`Id`)
) ENGINE=InnoDB AUTO_INCREMENT=4 DEFAULT CHARSET=utf8mb4;

/*Data for the table `m_type_item` */

insert  into `m_type_item`(`Id`,`Name`,`singkatan`,`Per_Piece`,`Status`,`CreatedBy`,`CreatedDate`) values (1,'Potong','pt',1,1,'root','2024-03-16 22:34:42'),(2,'Lusin','ls',12,1,'root','2024-03-16 22:34:42'),(3,'Kodi','kd',20,1,'root','2024-03-16 22:34:42');

/*Table structure for table `m_type_produk` */

DROP TABLE IF EXISTS `m_type_produk`;

CREATE TABLE `m_type_produk` (
  `Id` int(5) NOT NULL AUTO_INCREMENT,
  `Name` varchar(100) DEFAULT NULL,
  `Description` text DEFAULT NULL,
  `Status` int(1) DEFAULT NULL,
  `CreatedDate` datetime DEFAULT NULL,
  `CreatedBy` varchar(100) DEFAULT NULL,
  `ModifiedDate` datetime DEFAULT NULL,
  `ModifiedBy` varchar(100) DEFAULT NULL,
  PRIMARY KEY (`Id`)
) ENGINE=InnoDB AUTO_INCREMENT=2 DEFAULT CHARSET=utf8mb4;

/*Data for the table `m_type_produk` */

insert  into `m_type_produk`(`Id`,`Name`,`Description`,`Status`,`CreatedDate`,`CreatedBy`,`ModifiedDate`,`ModifiedBy`) values (1,'Celana','Celana Aja',1,'2024-03-16 21:52:21','achmad_yo','2024-03-16 22:00:12','achmad_yo');

/*Table structure for table `t_detail_transaction_manual` */

DROP TABLE IF EXISTS `t_detail_transaction_manual`;

CREATE TABLE `t_detail_transaction_manual` (
  `Id` varchar(100) NOT NULL,
  `Id_Transaction` varchar(100) DEFAULT NULL,
  `Id_Product` int(10) DEFAULT NULL,
  `Name_Product` varchar(100) DEFAULT NULL,
  `Size_Product` varchar(100) DEFAULT NULL,
  `Type_Product` varchar(100) DEFAULT NULL,
  `Meterial_Product` varchar(100) DEFAULT NULL,
  `Id_Price_Product` int(10) DEFAULT NULL,
  `Name_Price` varchar(100) DEFAULT NULL,
  `Type_Transaction` varchar(50) DEFAULT NULL,
  `Unit_Product` varchar(100) DEFAULT NULL,
  `Price_Product` double DEFAULT NULL,
  `Sum_Product_PerPiece` int(11) DEFAULT NULL,
  `Sum_Temporary_PerPiece` int(11) DEFAULT NULL,
  `Total_Payment` double DEFAULT NULL,
  `Status` int(1) DEFAULT 10,
  `CreatedDate` datetime DEFAULT NULL,
  `CreatedBy` varchar(100) DEFAULT NULL,
  `ModifiedDate` datetime DEFAULT NULL,
  `ModifiedBy` varchar(100) DEFAULT NULL,
  PRIMARY KEY (`Id`)
) ENGINE=InnoDB DEFAULT CHARSET=utf8mb4;

/*Data for the table `t_detail_transaction_manual` */

insert  into `t_detail_transaction_manual`(`Id`,`Id_Transaction`,`Id_Product`,`Name_Product`,`Size_Product`,`Type_Product`,`Meterial_Product`,`Id_Price_Product`,`Name_Price`,`Type_Transaction`,`Unit_Product`,`Price_Product`,`Sum_Product_PerPiece`,`Sum_Temporary_PerPiece`,`Total_Payment`,`Status`,`CreatedDate`,`CreatedBy`,`ModifiedDate`,`ModifiedBy`) values ('032315a2-26e8-2048-9463-bb645b1a7989','d8a97482-1aa6-2999-e14c-0e9bf134cf95',1,'Celana','S','Celana','Katun',1,'Khusus 1','Manual','Potong',20000,1,0,20000,8,'2025-03-22 20:45:19','t_aku','2025-03-22 20:45:23','t_aku'),('03359ea9-de33-5b97-5f81-d54f3fb9a3dd','e068c1a3-3e48-e1ed-4971-d55954d0d024',2,'Celana Biasa','S','Celana','Katun',3,'Harga Khusus 1','Manual','Kodi',1000,20,0,1000,8,'2025-04-03 09:44:25','t_aku','2025-04-03 09:44:25','t_aku'),('053d0c6e-2e82-8626-3dcb-644a36fb092e','d30ad06e-0ace-aeb7-baf6-cd2076ebd654',2,'Celana Biasa','S','Celana','Katun',3,'Harga Khusus 1','Manual','Potong',1000,3,0,3000,8,'2025-01-19 16:05:58','t_aku','2025-01-19 16:05:58','t_aku'),('0866c2e4-78b5-9fa7-bf7f-5d4538fc5448','a32006d7-c3de-5674-03ac-ae34511da05c',1,'Celana','S','Celana','Katun',0,'Normal','Manual','Lusin',1000,12,0,1000,8,'2025-03-21 15:33:55','t_aku','2025-03-21 15:33:55','t_aku'),('1222583b-19bc-fefe-9808-e92463f6b02b','72e82e70-d2af-188b-37a4-c10dcc2789a3',2,'Celana Biasa','S','Celana','Katun',3,'Harga Khusus 1','Manual','Kodi',1000,40,0,2000,8,'2025-01-21 09:52:45','t_aku','2025-01-21 09:53:01','t_aku'),('13e7f1b3-a8c4-d83c-3d06-0977349ce0e2','943dfb88-08ca-414c-787e-0f524becefef',1,'Celana','S','Celana','Katun',1,'Khusus 1','Manual','Kodi',10000,20,0,10000,8,'2025-03-22 20:51:14','t_aku','2025-03-22 20:51:26','t_aku'),('1c9a246d-04e2-81ac-b68d-f5a716d6b88b','e8956adf-e53e-e53b-7c61-6294c47971a5',2,'Celana Biasa','S','Celana','Katun',3,'Harga Khusus 1','Manual','Potong',1000,4,0,4000,8,'2025-03-21 14:23:25','t_aku','2025-03-21 14:23:36','t_aku'),('1ce4e269-b852-4324-9507-0d2bfdf0e4e2','1e6c65f0-0f12-2e45-8ca1-216a12c5ef2e',1,'Celana','S','Celana','Katun',1,'Khusus 1','Manual','Kodi',10000,20,0,10000,8,'2025-03-22 20:22:04','t_aku','2025-03-22 20:22:04','t_aku'),('231ea411-d6b8-775e-99f8-6a95f9954a57','31c9f7d6-b846-1719-dd97-3188345f62fc',1,'Celana','S','Celana','Katun',0,'Normal','Manual','Potong',10000,1,0,10000,8,'2025-03-21 14:41:32','t_aku','2025-03-21 14:41:32','t_aku'),('39d08b97-f28e-b5e7-5d5e-72e2b1f00376','c7a2227a-eb1b-e4a2-dcb9-3ddd85e5aef5',1,'Celana','S','Celana','Katun',2,'Khusus 2','Manual','Potong',10000,1,0,10000,8,'2025-04-05 21:24:28','t_aku','2025-04-05 21:24:28','t_aku'),('3fedd22b-75f8-c444-5ce3-e91a8e848d6c','ed4d90ba-6c9c-2b2a-b81f-eb6f102d5352',2,'Celana Biasa','S','Celana','Katun',3,'Harga Khusus 1','Manual','Potong',1000,1,0,1000,8,'2025-03-22 20:25:27','t_aku','2025-03-22 20:25:27','t_aku'),('5cc72852-3bed-2ca3-2fee-5ba190a9ca4d','e068c1a3-3e48-e1ed-4971-d55954d0d024',1,'Celana','S','Celana','Katun',1,'Khusus 1','Manual','Kodi',10000,20,0,10000,8,'2025-04-03 09:44:35','t_aku','2025-04-03 09:44:35','t_aku'),('5d5fcb0a-2b9c-0655-1de2-2ab9a57fe7a5','56c56662-bbd6-6ce9-7319-ac61f73ca354',2,'Celana Biasa','S','Celana','Katun',3,'Harga Khusus 1','Manual','Potong',1000,12,0,12000,8,'2025-01-06 15:15:27','t_aku','2025-01-06 15:15:27','t_aku'),('7071c0d6-6cd1-cbb2-8c31-ae19c6e6271d','e068c1a3-3e48-e1ed-4971-d55954d0d024',1,'Celana','S','Celana','Katun',1,'Khusus 1','Manual','Lusin',200000,12,0,200000,8,'2025-04-03 09:44:20','t_aku','2025-04-03 09:44:20','t_aku'),('751f74e1-592d-6f48-ddab-2f838f69a902','e068c1a3-3e48-e1ed-4971-d55954d0d024',2,'Celana Biasa','S','Celana','Katun',3,'Harga Khusus 1','Manual','Potong',1000,1,0,1000,8,'2025-04-03 09:44:15','t_aku','2025-04-03 09:44:15','t_aku'),('7993c048-bfdc-137c-50c3-b2bc8aeab3d8','a32006d7-c3de-5674-03ac-ae34511da05c',2,'Celana Biasa','S','Celana','Katun',3,'Harga Khusus 1','Manual','Lusin',1000,12,0,1000,8,'2025-03-21 15:33:46','t_aku','2025-03-21 15:33:46','t_aku'),('7e628891-d13c-28fb-78bf-ab0f02753c1e','c56dedd9-35ff-5d79-eed6-edd67e0e9f08',1,'Celana','S','Celana','Katun',0,'Normal','Manual','Potong',10000,1,0,10000,8,'2025-03-21 15:35:03','t_aku','2025-03-21 15:35:03','t_aku'),('887ed861-7f61-35ae-5b67-6df59f04c35d','afde2aab-8adc-7eda-663c-9ae30ab6303a',1,'Celana','S','Celana','Katun',1,'Khusus 1','Manual','Lusin',200000,12,0,200000,8,'2025-03-22 14:00:28','t_aku','2025-03-22 14:00:28','t_aku'),('b61de55c-dac4-c8b2-0e90-d434343d7936','afde2aab-8adc-7eda-663c-9ae30ab6303a',2,'Celana Biasa','S','Celana','Katun',3,'Harga Khusus 1','Manual','Lusin',1000,24,0,2000,8,'2025-03-22 14:00:35','t_aku','2025-03-22 14:00:35','t_aku'),('c29bda20-46f0-6efb-99cd-1b1a314c8cb2','f9df114b-902d-7971-4705-3b8f15ee2d16',1,'Celana','S','Celana','Katun',2,'Khusus 2','Manual','Lusin',10000,12,0,10000,8,'2025-04-05 21:20:43','t_aku','2025-04-05 21:20:43','t_aku'),('df4c1700-9fe6-6edc-d7ed-0d5f742e7666','b891db3d-5429-b3f7-6e51-f3e0747589ce',2,'Celana Biasa','S','Celana','Katun',3,'Harga Khusus 1','Manual','Potong',1000,1,0,1000,8,'2025-01-23 14:34:17','t_aku','2025-01-23 14:34:17','t_aku'),('e3aaf8de-38c4-21ad-11ff-ea553215cf8d','863de6b9-ac96-087e-a018-f6dfb1a1832c',2,'Celana Biasa','S','Celana','Katun',3,'Harga Khusus 1','Manual','Potong',1000,1,0,1000,8,'2025-01-06 15:01:53','t_aku','2025-01-06 15:01:53','t_aku'),('ec6f37ae-88d3-1c20-f2ca-b7ce239e8232','e068c1a3-3e48-e1ed-4971-d55954d0d024',1,'Celana','S','Celana','Katun',1,'Khusus 1','Manual','Potong',20000,3,0,60000,8,'2025-04-03 09:44:10','t_aku','2025-04-03 09:44:10','t_aku'),('f1960114-b7e4-696f-e9db-9b411d3dbc35','56c56662-bbd6-6ce9-7319-ac61f73ca354',1,'Celana','S','Celana','Katun',2,'Khusus 2','Manual','Potong',10000,10,0,100000,8,'2025-01-06 15:15:57','t_aku','2025-01-06 15:15:57','t_aku'),('f4992d53-53a2-9f50-b9c6-4c31346e097f','15ea6801-3644-1e33-c5a0-003aabc9e329',1,'Celana','S','Celana','Katun',1,'Khusus 1','Manual','Lusin',200000,12,0,200000,8,'2025-03-22 20:38:19','t_aku','2025-03-22 20:38:19','t_aku'),('f4cb6c22-add9-3d7c-e463-c762fb254fde','d28c17c0-9e66-94c9-cb58-e25f42583031',2,'Celana Biasa','S','Celana','Katun',3,'Harga Khusus 1','Manual','Lusin',1000,12,0,12000,8,'2025-01-19 16:15:18','t_aku','2025-01-19 16:15:18','t_aku');

/*Table structure for table `t_transaction_manual` */

DROP TABLE IF EXISTS `t_transaction_manual`;

CREATE TABLE `t_transaction_manual` (
  `Id` varchar(100) NOT NULL,
  `Number_Trans` varchar(100) NOT NULL,
  `Username_Employee` varchar(100) DEFAULT NULL,
  `Operator` varchar(100) DEFAULT NULL,
  `IdCustomer` varchar(100) DEFAULT NULL,
  `Sum_Transaction` int(11) DEFAULT NULL,
  `Sub_Total` double DEFAULT NULL,
  `Payment` double DEFAULT NULL,
  `Total_Dept` double DEFAULT NULL,
  `Total_Payment` double DEFAULT NULL,
  `Transc_continuance` varchar(100) DEFAULT NULL,
  `Status` int(5) DEFAULT NULL,
  `CreatedDate` datetime DEFAULT NULL,
  `CreatedBy` varchar(100) DEFAULT NULL,
  `ModifiedDate` datetime DEFAULT NULL,
  `ModifiedBy` varchar(100) DEFAULT NULL,
  PRIMARY KEY (`Id`,`Number_Trans`)
) ENGINE=InnoDB DEFAULT CHARSET=utf8mb4;

/*Data for the table `t_transaction_manual` */

insert  into `t_transaction_manual`(`Id`,`Number_Trans`,`Username_Employee`,`Operator`,`IdCustomer`,`Sum_Transaction`,`Sub_Total`,`Payment`,`Total_Dept`,`Total_Payment`,`Transc_continuance`,`Status`,`CreatedDate`,`CreatedBy`,`ModifiedDate`,`ModifiedBy`) values ('15ea6801-3644-1e33-c5a0-003aabc9e329','R-20250322-00004','t_aku','t_aku','C-2',1,200000,200000,0,200000,NULL,4,'2025-03-22 20:38:13','t_aku','2025-03-22 20:42:13','t_aku'),('1e6c65f0-0f12-2e45-8ca1-216a12c5ef2e','R-20250322-00002','t_aku','t_aku','C-2',1,10000,10000,0,10000,NULL,4,'2025-03-22 20:21:57','t_aku','2025-03-22 20:22:58','t_aku'),('31c9f7d6-b846-1719-dd97-3188345f62fc','R-20250321-00002','t_aku','t_aku','C-2',1,10000,20000,0,10000,NULL,4,'2025-03-21 14:41:15','t_aku','2025-03-21 14:41:44','t_aku'),('56c56662-bbd6-6ce9-7319-ac61f73ca354','R-20250106-00002','t_aku','t_aku','C-1',2,112000,112000,0,112000,NULL,4,'2025-01-06 15:12:45','t_aku','2025-01-06 16:21:34','milladia_u'),('72e82e70-d2af-188b-37a4-c10dcc2789a3','R-20250121-00001','t_aku','t_aku','C-2',1,2000,2000,0,2000,NULL,4,'2025-01-21 09:09:36','t_aku','2025-01-21 09:53:23','t_aku'),('8169ca29-11e9-05bf-abc7-f9dc113df870','R-20250405-00001','t_aku','t_aku','C-6',0,0,0,0,0,NULL,3,'2025-04-05 09:31:44','t_aku','2025-04-05 21:18:57','t_aku'),('863de6b9-ac96-087e-a018-f6dfb1a1832c','R-20250106-00001','t_aku','t_aku','C-1',1,1000,2000,0,1000,NULL,4,'2025-01-06 15:01:42','t_aku','2025-01-06 15:02:50','t_aku'),('943dfb88-08ca-414c-787e-0f524becefef','R-20250322-00006','t_aku','t_aku','C-2',1,10000,10000,0,10000,NULL,4,'2025-03-22 20:51:09','t_aku','2025-03-22 20:52:15','t_aku'),('a32006d7-c3de-5674-03ac-ae34511da05c','R-20250321-00003','t_aku','t_aku','C-2',2,2000,4000,0,2000,NULL,4,'2025-03-21 15:33:35','t_aku','2025-03-21 15:34:14','t_aku'),('afde2aab-8adc-7eda-663c-9ae30ab6303a','R-20250322-00001','t_aku','t_aku','C-2',2,202000,210000,0,202000,NULL,4,'2025-03-22 14:00:16','t_aku','2025-03-22 20:17:53','t_aku'),('b891db3d-5429-b3f7-6e51-f3e0747589ce','R-20250121-00002','t_aku','t_aku','C-2',1,1000,2000,0,1000,NULL,4,'2025-01-21 09:56:27','t_aku','2025-03-21 14:12:40','t_aku'),('c56dedd9-35ff-5d79-eed6-edd67e0e9f08','R-20250321-00004','t_aku','t_aku','C-2',1,10000,15000,0,10000,NULL,4,'2025-03-21 15:34:55','t_aku','2025-03-21 15:35:18','t_aku'),('c7a2227a-eb1b-e4a2-dcb9-3ddd85e5aef5','R-20250405-00003','t_aku','t_aku','C-3',1,10000,15000,2000,12000,'f9df114b-902d-7971-4705-3b8f15ee2d16',4,'2025-04-05 21:24:15','t_aku','2025-04-05 21:24:57','t_aku'),('d28c17c0-9e66-94c9-cb58-e25f42583031','R-20250119-00002','t_aku','t_aku','C-1',1,12000,1000,0,12000,NULL,5,'2025-01-19 16:15:10','t_aku','2025-01-19 16:15:43','t_aku'),('d30ad06e-0ace-aeb7-baf6-cd2076ebd654','R-20250119-00001','t_aku','t_aku','C-2',1,3000,3000,0,3000,NULL,4,'2025-01-19 16:05:52','t_aku','2025-01-19 16:06:12','t_aku'),('d8a97482-1aa6-2999-e14c-0e9bf134cf95','R-20250322-00005','t_aku','t_aku','C-2',1,20000,20000,0,20000,NULL,4,'2025-03-22 20:45:10','t_aku','2025-03-22 20:50:52','t_aku'),('e068c1a3-3e48-e1ed-4971-d55954d0d024','R-20250403-00001','t_aku','t_aku','C-2',5,272000,273000,0,272000,NULL,4,'2025-04-03 09:44:04','t_aku','2025-04-03 09:48:11','t_aku'),('e8956adf-e53e-e53b-7c61-6294c47971a5','R-20250321-00001','t_aku','t_aku','C-2',1,4000,5000,0,4000,NULL,4,'2025-03-21 14:23:13','t_aku','2025-03-21 14:35:32','t_aku'),('ed4d90ba-6c9c-2b2a-b81f-eb6f102d5352','R-20250322-00003','t_aku','t_aku','C-2',1,1000,1000,0,1000,NULL,4,'2025-03-22 20:25:22','t_aku','2025-03-22 20:36:44','t_aku'),('f9df114b-902d-7971-4705-3b8f15ee2d16','R-20250405-00002','t_aku','t_aku','C-3',1,10000,8000,0,10000,NULL,6,'2025-04-05 21:19:53','t_aku','2025-04-05 21:24:15','t_aku');

/*Table structure for table `temp_customer_price_product` */

DROP TABLE IF EXISTS `temp_customer_price_product`;

CREATE TABLE `temp_customer_price_product` (
  `Id` int(10) NOT NULL AUTO_INCREMENT,
  `Id_Product` int(10) DEFAULT NULL,
  `Id_Price_Product` int(10) DEFAULT NULL,
  `Id_Customer` varchar(100) DEFAULT NULL,
  `Status` int(1) DEFAULT 0,
  `CreatedDate` datetime DEFAULT NULL,
  `CreatedBy` varchar(100) DEFAULT NULL,
  `ModifiedDate` datetime DEFAULT NULL,
  `ModifiedBy` varchar(100) DEFAULT NULL,
  PRIMARY KEY (`Id`)
) ENGINE=InnoDB AUTO_INCREMENT=22 DEFAULT CHARSET=utf8mb4;

/*Data for the table `temp_customer_price_product` */

insert  into `temp_customer_price_product`(`Id`,`Id_Product`,`Id_Price_Product`,`Id_Customer`,`Status`,`CreatedDate`,`CreatedBy`,`ModifiedDate`,`ModifiedBy`) values (1,1,2,'C-1',0,'2024-05-09 22:05:39','t_aku','2024-05-09 22:05:39','t_aku'),(2,1,2,'C-1',0,'2024-05-09 22:08:08','t_aku','2024-05-09 22:08:08','t_aku'),(3,2,3,'C-1',0,'2024-05-09 22:26:22','t_aku','2024-05-09 22:26:22','t_aku'),(4,1,1,'C-1',0,'2024-05-10 20:42:57','t_aku','2024-05-10 20:42:57','t_aku'),(5,1,2,'C-1',0,'2024-05-10 20:43:32','t_aku','2024-05-10 20:43:32','t_aku'),(6,2,3,'C-1',0,'2024-05-18 19:27:34','t_aku','2024-05-18 19:27:34','t_aku'),(7,2,3,'C-1',0,'2024-05-18 19:30:30','t_aku','2024-05-18 19:30:30','t_aku'),(8,2,3,'C-1',0,'2024-05-18 19:32:17','t_aku','2024-05-18 19:32:17','t_aku'),(9,2,3,'C-1',0,'2024-05-18 19:52:22','t_aku','2024-05-18 19:52:22','t_aku'),(10,2,3,'C-1',0,'2024-05-18 19:55:03','t_aku','2024-05-18 19:55:03','t_aku'),(11,2,3,'C-1',0,'2024-05-18 19:56:02','t_aku','2024-05-18 19:56:02','t_aku'),(12,2,3,'C-1',0,'2024-05-18 19:57:10','t_aku','2024-05-18 19:57:10','t_aku'),(13,2,3,'C-1',0,'2024-05-18 19:57:51','t_aku','2024-05-18 19:57:51','t_aku'),(14,1,2,'C-1',0,'2024-05-18 20:02:10','t_aku','2024-05-18 20:02:10','t_aku'),(15,1,1,'C-1',0,'2024-05-20 10:45:29','t_aku','2024-05-20 10:45:29','t_aku'),(16,2,3,'C-1',0,'2024-05-20 13:14:36','t_aku','2024-05-20 13:14:36','t_aku'),(17,2,3,'C-1',0,'2024-06-08 20:24:17','t_aku','2024-06-08 20:24:17','t_aku'),(18,2,3,'C-1',0,'2024-06-12 10:46:43','t_aku','2024-06-12 10:46:43','t_aku'),(19,2,3,'C-1',0,'2024-07-21 14:27:46','t_aku','2024-07-21 14:27:46','t_aku'),(20,2,3,'C-2',0,'2025-03-13 19:34:41','t_aku','2025-03-13 19:34:41','t_aku'),(21,1,1,'C-3',0,'2025-04-05 21:20:18','t_aku','2025-04-05 21:20:18','t_aku');

/*!40101 SET SQL_MODE=@OLD_SQL_MODE */;
/*!40014 SET FOREIGN_KEY_CHECKS=@OLD_FOREIGN_KEY_CHECKS */;
/*!40014 SET UNIQUE_CHECKS=@OLD_UNIQUE_CHECKS */;
/*!40111 SET SQL_NOTES=@OLD_SQL_NOTES */;
